{
    "best_hybrid_name": "Deep Hybrid",
    "best_hybrid_ndcg": 0.36335757190099705,
    "best_hybrid_latency": 726.5715858033847,
    "quality_retention_vs_best_hybrid": 0.8335694827274255,
    "quality_retention_vs_hybrid": 0.8335694827274255,
    "latency_saving_vs_best_hybrid": 0.3148561362602478,
    "harm_avoidance": 0.006401728168229523,
    "recovery_capture": 0.7837300915364712,
    "oracle_gap": 0.03608425226647599,
    "oracle_gap_closed": 0.42634352174222073,
    "safe_gain": 0.025378989483776725,
    "taxonomy": "Selective escalation",
    "dataset": "nfcorpus",
    "hybrid_activation_rate": 0.6851851851851852,
    "p_value_vs_dense": 0.016533937195026764,
    "p_value_vs_hybrid": 0.26327912347191984
}