{
    "P-SAFE vs Dense": {
        "comparison": "B-P-SAFE vs Dense",
        "n_queries": 162,
        "mean_delta": 0.026817943793551947,
        "median_delta": 0.0,
        "std_delta": 0.14048053796417964,
        "baseline_mean": 0.3311851563444629,
        "system_mean": 0.35800310013801484,
        "wins": 49,
        "ties": 85,
        "losses": 28,
        "effect_size": {
            "cohens_d": 0.08680886524585422,
            "cohens_dz": 0.19031137423071004,
            "magnitude": "negligible"
        },
        "paired_ttest": {
            "t_statistic": 2.422268338598385,
            "p_value": 0.016533937195026764,
            "significant": true
        },
        "wilcoxon": {
            "w_statistic": 1024.0,
            "p_value": 0.015329885110271295,
            "significant": true,
            "n_nonzero": 77
        },
        "bootstrap_ci": {
            "ci_low": 0.006168102756796161,
            "ci_high": 0.049586660782133335,
            "ci_level": 0.95,
            "significant": true,
            "n_bootstrap": 5000
        },
        "permutation_test": {
            "p_value": 0.0165,
            "significant": true,
            "n_permutations": 2000
        },
        "easy_queries": {
            "n": 47,
            "baseline_mean": 0.7445846179028588,
            "system_mean": 0.7200667692857005,
            "mean_delta": -0.024517848617158167,
            "degradation": true,
            "improvement": false
        },
        "hard_queries": {
            "n": 115,
            "baseline_mean": 0.16223059379450983,
            "system_mean": 0.21002925274722156,
            "mean_delta": 0.04779865895271173,
            "degradation": false,
            "improvement": true
        }
    },
    "P-SAFE vs Hybrid": {
        "comparison": "B-P-SAFE vs Hybrid",
        "n_queries": 162,
        "mean_delta": -0.005354471762982209,
        "median_delta": 0.0,
        "std_delta": 0.06052083214518442,
        "baseline_mean": 0.36335757190099705,
        "system_mean": 0.35800310013801484,
        "wins": 13,
        "ties": 130,
        "losses": 19,
        "effect_size": {
            "cohens_d": -0.017508187508056182,
            "cohens_dz": -0.08819971312402858,
            "magnitude": "negligible"
        },
        "paired_ttest": {
            "t_statistic": -1.1225990744767573,
            "p_value": 0.26327912347191984,
            "significant": false
        },
        "wilcoxon": {
            "w_statistic": 199.0,
            "p_value": 0.23122967779636383,
            "significant": false,
            "n_nonzero": 32
        },
        "bootstrap_ci": {
            "ci_low": -0.014702433021209478,
            "ci_high": 0.003791248988736652,
            "ci_level": 0.95,
            "significant": false,
            "n_bootstrap": 5000
        },
        "permutation_test": {
            "p_value": 0.272,
            "significant": false,
            "n_permutations": 2000
        },
        "easy_queries": {
            "n": 47,
            "baseline_mean": 0.7153546686235718,
            "system_mean": 0.7200667692857005,
            "mean_delta": 0.0047121006621286664,
            "degradation": false,
            "improvement": true
        },
        "hard_queries": {
            "n": 115,
            "baseline_mean": 0.21949788889264035,
            "system_mean": 0.21002925274722156,
            "mean_delta": -0.009468636145418829,
            "degradation": true,
            "improvement": false
        }
    }
}