{
  "easy_query_count": 47,
  "hard_query_count": 115,
  "hybrid_overtreatment_rate": 0.40425531914893614,
  "hybrid_overtreatment_severity": 0.025504882176731573,
  "psafe_overtreatment_avoidance_rate": 0.42105263157894735,
  "latency_avoidance": 0.5646803899448287,
  "harm_avoidance": 0.00015783523056111387
}