{
    "dense_ndcg": 0.3216919777727937,
    "psafe_ndcg": 0.3216919777727937,
    "oracle_ndcg": 0.37705782184879333,
    "dense_latency": 2.6192493861782604,
    "psafe_latency": 7.151397529710659,
    "best_hybrid_name": "Deep Hybrid",
    "best_hybrid_ndcg": 0.34768767454706023,
    "best_hybrid_latency": 711.2435821011192,
    "quality_retention_vs_best_hybrid": 0.0,
    "quality_retention_vs_hybrid": 0.0,
    "latency_saving_vs_best_hybrid": 0.989945220301905,
    "harm_avoidance": 0.045477051203655194,
    "recovery_capture": 0.0,
    "oracle_gap": 0.05536584407599965,
    "oracle_gap_closed": 0.0,
    "safe_gain": 0.0,
    "taxonomy": "Hybrid-beneficial / P-SAFE under-treatment",
    "dataset": "nfcorpus",
    "hybrid_activation_rate": 0.0,
    "p_value_vs_dense": 1.0,
    "p_value_vs_hybrid": 0.013979746781657624,
    "seed": 123,
    "split_hash": "c5473b99"
}