{
    "dense_search": {
        "mean": 0.30714567760752953,
        "p50": 0.3065000055357814,
        "p90": 0.3356899949721992,
        "p95": 0.3412699792534113,
        "p99": 0.41305300779640564,
        "max": 0.5907000158913434
    },
    "bm25_search": {
        "mean": 3.423090742464051,
        "p50": 2.488100028131157,
        "p90": 6.594289967324586,
        "p95": 7.475520009757019,
        "p99": 8.422273002215661,
        "max": 8.567499986384064
    },
    "graph_expansion": {
        "mean": 0.00967530901601285,
        "p50": 0.00964998616836965,
        "p90": 0.010500021744519472,
        "p95": 0.010800024028867483,
        "p99": 0.01228501263540236,
        "max": 0.01379998866468668
    },
    "fusion": {
        "mean": 0.025251848669147786,
        "p50": 0.02540001878514886,
        "p90": 0.027490034699440002,
        "p95": 0.028484986978583034,
        "p99": 0.029511991888284673,
        "max": 0.031800009310245514
    },
    "router_decision": {
        "mean": 1.0284765430921574,
        "p50": 1.0130999726243317,
        "p90": 1.0772000008728355,
        "p95": 1.134950036066584,
        "p99": 1.385257991496471,
        "max": 1.7088999738916755
    },
    "total": {
        "mean": 7.151397529710659,
        "p50": 6.393900024704635,
        "p90": 10.65622005844489,
        "p95": 11.187404970405623,
        "p99": 12.109317040885799,
        "max": 12.147200002800673
    },
    "cross_encoder_calls_per_query": 0.0,
    "candidates_reranked_per_query": 0.0
}