{
    "dense_ndcg": 0.4009488443936071,
    "psafe_ndcg": 0.419040287193426,
    "oracle_ndcg": 0.5151621459180167,
    "dense_latency": 3.09468838488472,
    "psafe_latency": 479.773684559791,
    "best_hybrid_name": "Deep Hybrid",
    "best_hybrid_ndcg": 0.37834245267769734,
    "best_hybrid_latency": 1199.3265235138642,
    "quality_retention_vs_best_hybrid": 0.0,
    "quality_retention_vs_hybrid": 0.0,
    "latency_saving_vs_best_hybrid": 0.5999640838809108,
    "harm_avoidance": 0.17116394604465962,
    "recovery_capture": 0.3339087018365062,
    "oracle_gap": 0.09612185872459067,
    "oracle_gap_closed": 0.15840048889535344,
    "safe_gain": 0.0055272772770603995,
    "taxonomy": "Protection / No-benefit",
    "dataset": "arguana",
    "hybrid_activation_rate": 0.23654390934844194,
    "p_value_vs_dense": 0.0031020850262066814,
    "p_value_vs_hybrid": 0.00017610356607701766,
    "seed": 2026,
    "split_hash": "b11ebcbb"
}