{
    "dense_search": {
        "mean": 0.30435297473943224,
        "p50": 0.3056999994441867,
        "p90": 0.35165000008419156,
        "p95": 0.3650500293588266,
        "p99": 0.39685999508947156,
        "max": 0.42289996054023504
    },
    "bm25_search": {
        "mean": 265.6586386681212,
        "p50": 243.3187499991618,
        "p90": 392.5936500017997,
        "p95": 473.5286749928491,
        "p99": 707.3532899725258,
        "max": 1017.2791999648325
    },
    "graph_expansion": {
        "mean": 0.01333668495254016,
        "p50": 0.013199984095990658,
        "p90": 0.014299992471933365,
        "p95": 0.014899997040629387,
        "p99": 0.017785019008442773,
        "max": 0.019700033590197563
    },
    "fusion": {
        "mean": 0.03409546584935685,
        "p50": 0.03459997242316604,
        "p90": 0.03645001561380923,
        "p95": 0.038300000596791506,
        "p99": 0.042370028677396504,
        "max": 0.055500015150755644
    },
    "cross_encoder": {
        "mean": 209.90655679912334,
        "p50": 0.0,
        "p90": 885.5944499955513,
        "p95": 1050.9829250077019,
        "p99": 1376.596625041566,
        "max": 1821.5012000291608
    },
    "router_decision": {
        "mean": 1.04255453218764,
        "p50": 1.0266000172123313,
        "p90": 1.0753499809652567,
        "p95": 1.1259000311838463,
        "p99": 1.4431599876843395,
        "max": 2.6091999607160687
    },
    "total": {
        "mean": 479.773684559791,
        "p50": 293.757600011304,
        "p90": 1132.9250000126194,
        "p95": 1393.390025012195,
        "p99": 1886.2260249763533,
        "max": 2424.010799906682
    },
    "cross_encoder_calls_per_query": 0.23654390934844194,
    "candidates_reranked_per_query": 23.654390934844194
}