{
    "Def_A": {
        "easy_count": 211,
        "hard_count": 495,
        "EasyDeg": 0.017662232918788323,
        "HardGain": 0.03333189851017482,
        "SafeGain": 0.015669665591386495
    },
    "Def_B": {
        "easy_count": 339,
        "hard_count": 367,
        "EasyDeg": 0.004758718860454758,
        "HardGain": 0.039198267875657555,
        "SafeGain": 0.0344395490152028
    },
    "Def_C": {
        "easy_count": 405,
        "hard_count": 301,
        "EasyDeg": 0.0007567633590741529,
        "HardGain": 0.043451985970422685,
        "SafeGain": 0.04269522261134853
    }
}