{
    "P-SAFE vs Dense": {
        "comparison": "B-P-SAFE vs Dense",
        "n_queries": 706,
        "mean_delta": 0.018091442799818943,
        "median_delta": 0.0,
        "std_delta": 0.16186357332586085,
        "baseline_mean": 0.4009488443936071,
        "system_mean": 0.419040287193426,
        "wins": 77,
        "ties": 570,
        "losses": 59,
        "effect_size": {
            "cohens_d": 0.07638831385645797,
            "cohens_dz": 0.111690513508008,
            "magnitude": "negligible"
        },
        "paired_ttest": {
            "t_statistic": 2.9676907167398454,
            "p_value": 0.0031020850262066814,
            "significant": true
        },
        "wilcoxon": {
            "w_statistic": 3357.5,
            "p_value": 0.004715895818191447,
            "significant": true,
            "n_nonzero": 136
        },
        "bootstrap_ci": {
            "ci_low": 0.006286777540727869,
            "ci_high": 0.030102741790107072,
            "ci_level": 0.95,
            "significant": true,
            "n_bootstrap": 5000
        },
        "permutation_test": {
            "p_value": 0.0045,
            "significant": true,
            "n_permutations": 2000
        },
        "easy_queries": {
            "n": 211,
            "baseline_mean": 0.6309297535714575,
            "system_mean": 0.6132675206526692,
            "mean_delta": -0.017662232918788438,
            "degradation": true,
            "improvement": false
        },
        "hard_queries": {
            "n": 495,
            "baseline_mean": 0.30291657805718997,
            "system_mean": 0.3362484765673648,
            "mean_delta": 0.03333189851017482,
            "degradation": false,
            "improvement": true
        }
    },
    "P-SAFE vs Hybrid": {
        "comparison": "B-P-SAFE vs Hybrid",
        "n_queries": 706,
        "mean_delta": 0.040697834515728594,
        "median_delta": 0.0,
        "std_delta": 0.28654216276894034,
        "baseline_mean": 0.37834245267769734,
        "system_mean": 0.419040287193426,
        "wins": 237,
        "ties": 299,
        "losses": 170,
        "effect_size": {
            "cohens_d": 0.14178660677945187,
            "cohens_dz": 0.1419302523584527,
            "magnitude": "negligible"
        },
        "paired_ttest": {
            "t_statistic": 3.7711805516815358,
            "p_value": 0.00017610356607701766,
            "significant": true
        },
        "wilcoxon": {
            "w_statistic": 32445.0,
            "p_value": 0.00013286395374598008,
            "significant": true,
            "n_nonzero": 407
        },
        "bootstrap_ci": {
            "ci_low": 0.01937077569037242,
            "ci_high": 0.061685683360254956,
            "ci_level": 0.95,
            "significant": true,
            "n_bootstrap": 5000
        },
        "permutation_test": {
            "p_value": 0.0,
            "significant": true,
            "n_permutations": 2000
        },
        "easy_queries": {
            "n": 211,
            "baseline_mean": 0.47883568444212987,
            "system_mean": 0.6132675206526692,
            "mean_delta": 0.13443183621053925,
            "degradation": false,
            "improvement": true
        },
        "hard_queries": {
            "n": 495,
            "baseline_mean": 0.3355059437841717,
            "system_mean": 0.3362484765673648,
            "mean_delta": 0.0007425327831931444,
            "degradation": false,
            "improvement": true
        }
    }
}