{
    "dense_ndcg": 0.4097030987045317,
    "psafe_ndcg": 0.4097030987045317,
    "oracle_ndcg": 0.47809388792521695,
    "dense_latency": 5.547106771622426,
    "psafe_latency": 181.0901833841434,
    "best_hybrid_name": "Deep Hybrid",
    "best_hybrid_ndcg": 0.42871641806135224,
    "best_hybrid_latency": 852.3007101542316,
    "quality_retention_vs_best_hybrid": 0.0,
    "quality_retention_vs_hybrid": 0.0,
    "latency_saving_vs_best_hybrid": 0.7875278276473882,
    "harm_avoidance": 0.06913383925669513,
    "recovery_capture": 0.0,
    "oracle_gap": 0.06839078922068526,
    "oracle_gap_closed": 0.0,
    "safe_gain": 0.0,
    "taxonomy": "Hybrid-beneficial / P-SAFE under-treatment",
    "dataset": "fiqa",
    "hybrid_activation_rate": 0.0,
    "p_value_vs_dense": 1.0,
    "p_value_vs_hybrid": 0.1119821525884749,
    "seed": 123,
    "split_hash": "d7658f66"
}