{
    "dense_search": {
        "mean": 0.4545495376134148,
        "p50": 0.45059999683871865,
        "p90": 0.540060002822429,
        "p95": 0.5719200358726084,
        "p99": 0.6189760426059365,
        "max": 0.6720999954268336
    },
    "bm25_search": {
        "mean": 174.32124000006857,
        "p50": 169.27439998835325,
        "p90": 266.0258000134491,
        "p95": 293.0145399994217,
        "p99": 324.4302119547501,
        "max": 365.4839000082575
    },
    "graph_expansion": {
        "mean": 0.01707630787188044,
        "p50": 0.016600009985268116,
        "p90": 0.019459973555058244,
        "p95": 0.02113999798893929,
        "p99": 0.02486001467332243,
        "max": 0.02829998265951872
    },
    "fusion": {
        "mean": 0.03342984656158548,
        "p50": 0.03330002073198557,
        "p90": 0.036999990697950125,
        "p95": 0.040600006468594074,
        "p99": 0.04541601054370402,
        "max": 0.05319999763742089
    },
    "router_decision": {
        "mean": 1.152016307370594,
        "p50": 1.0659000254236162,
        "p90": 1.3140999944880605,
        "p95": 1.3856199686415493,
        "p99": 1.8056279653683303,
        "max": 1.9748000195249915
    },
    "total": {
        "mean": 181.0901833841434,
        "p50": 175.86639994988218,
        "p90": 272.4654400022701,
        "p95": 300.2300799591467,
        "p99": 331.3214839529246,
        "max": 372.4405999528244
    },
    "cross_encoder_calls_per_query": 0.0,
    "candidates_reranked_per_query": 0.0
}