{
    "dense_ndcg": 0.40845084623035394,
    "psafe_ndcg": 0.4284557242475001,
    "oracle_ndcg": 0.4896670318987655,
    "dense_latency": 5.496369847454703,
    "psafe_latency": 632.0897603045719,
    "best_hybrid_name": "Deep Hybrid",
    "best_hybrid_ndcg": 0.43274620575395617,
    "best_hybrid_latency": 878.1834003078536,
    "quality_retention_vs_best_hybrid": 0.8234032510493217,
    "quality_retention_vs_hybrid": 0.8234032510493217,
    "latency_saving_vs_best_hybrid": 0.2802303481448315,
    "harm_avoidance": 0.040110054407708186,
    "recovery_capture": 0.6547329044689398,
    "oracle_gap": 0.06121130765126537,
    "oracle_gap_closed": 0.24631639435545336,
    "safe_gain": 0.03643334896718795,
    "taxonomy": "Selective escalation",
    "dataset": "fiqa",
    "hybrid_activation_rate": 0.64,
    "p_value_vs_dense": 0.04478568832573077,
    "p_value_vs_hybrid": 0.5953718051744317,
    "seed": 42,
    "split_hash": "8656eb97"
}