{
    "dense_search": {
        "mean": 0.45599015160965234,
        "p50": 0.44600002001971006,
        "p90": 0.5473799770697951,
        "p95": 0.5674199666827917,
        "p99": 0.6560680177062748,
        "max": 0.7042000070214272
    },
    "bm25_search": {
        "mean": 174.5632609219935,
        "p50": 171.58779996680096,
        "p90": 263.1154400296509,
        "p95": 292.36768000992015,
        "p99": 333.8804080057888,
        "max": 453.9719999884255
    },
    "graph_expansion": {
        "mean": 0.016947385066976912,
        "p50": 0.01650000922381878,
        "p90": 0.018859992269426588,
        "p95": 0.020839995704591278,
        "p99": 0.023084001149982207,
        "max": 0.025800021830946207
    },
    "fusion": {
        "mean": 0.03328984728656136,
        "p50": 0.03309996100142598,
        "p90": 0.03650002181529999,
        "p95": 0.040240015368908644,
        "p99": 0.046332003548741334,
        "max": 0.05319999763742089
    },
    "cross_encoder": {
        "mean": 450.851727691479,
        "p50": 588.8087000348605,
        "p90": 844.1784999915401,
        "p95": 978.2996199675841,
        "p99": 1188.2766959629948,
        "max": 1381.1820999835618
    },
    "router_decision": {
        "mean": 1.1081012290042753,
        "p50": 1.050200022291392,
        "p90": 1.402479992248119,
        "p95": 1.523599971551448,
        "p99": 1.588447985704988,
        "max": 2.009799994993955
    },
    "total": {
        "mean": 632.0897603045719,
        "p50": 735.4186999727972,
        "p90": 1063.2162600639276,
        "p95": 1168.9655400114134,
        "p99": 1416.9779840181577,
        "max": 1619.8927999357693
    },
    "cross_encoder_calls_per_query": 0.64,
    "candidates_reranked_per_query": 64.0
}