{
    "dense_ndcg": 0.5156863067380812,
    "psafe_ndcg": 0.6928812334711724,
    "oracle_ndcg": 0.8103270518287397,
    "dense_latency": 4.3153439994785,
    "psafe_latency": 763.9137120002124,
    "best_hybrid_name": "Deep Hybrid",
    "best_hybrid_ndcg": 0.800416800239336,
    "best_hybrid_latency": 1032.072971999587,
    "quality_retention_vs_best_hybrid": 0.6223250785476907,
    "quality_retention_vs_hybrid": 0.6223250785476907,
    "latency_saving_vs_best_hybrid": 0.25982587207940366,
    "harm_avoidance": 0.01368949539571895,
    "recovery_capture": 0.6969467667683784,
    "oracle_gap": 0.11744581835756729,
    "oracle_gap_closed": 0.6013931531383067,
    "safe_gain": 0.3413649657201953,
    "taxonomy": "Selective escalation",
    "dataset": "trec-covid",
    "hybrid_activation_rate": 0.48,
    "p_value_vs_dense": 0.0016425777154949431,
    "p_value_vs_hybrid": 0.011403778501715455,
    "seed": 2026,
    "split_hash": "589790cd"
}