{
    "best_hybrid_name": "Deep Hybrid",
    "best_hybrid_ndcg": 0.4503752865527408,
    "best_hybrid_latency": 898.4979532110086,
    "quality_retention_vs_best_hybrid": 0.6590518968766859,
    "quality_retention_vs_hybrid": 0.6590518968766859,
    "latency_saving_vs_best_hybrid": 0.42316189375341207,
    "harm_avoidance": 0.03247999845561274,
    "recovery_capture": 0.6357238234662456,
    "oracle_gap": 0.05874768760342236,
    "oracle_gap_closed": 0.2844061479877439,
    "safe_gain": 0.04090243065713996,
    "taxonomy": "Selective escalation",
    "dataset": "fiqa",
    "hybrid_activation_rate": 0.5840978593272171,
    "p_value_vs_dense": 0.015306398079168504,
    "p_value_vs_hybrid": 0.11262653591886054
}