{
    "dense_ndcg": 0.40845084623035394,
    "psafe_ndcg": 0.40845084623035394,
    "oracle_ndcg": 0.4896670318987655,
    "dense_latency": 5.496369847454703,
    "psafe_latency": 181.18623230427218,
    "best_hybrid_name": "Deep Hybrid",
    "best_hybrid_ndcg": 0.43274620575395617,
    "best_hybrid_latency": 878.1834003078536,
    "quality_retention_vs_best_hybrid": 0.0,
    "quality_retention_vs_hybrid": 0.0,
    "latency_saving_vs_best_hybrid": 0.7936806454770655,
    "harm_avoidance": 0.07905941769201412,
    "recovery_capture": 0.0,
    "oracle_gap": 0.08121618566841154,
    "oracle_gap_closed": 0.0,
    "safe_gain": 0.0,
    "taxonomy": "Hybrid-beneficial / P-SAFE under-treatment",
    "dataset": "fiqa",
    "hybrid_activation_rate": 0.0,
    "p_value_vs_dense": 1.0,
    "p_value_vs_hybrid": 0.05810572280455229,
    "seed": 42,
    "split_hash": "8656eb97"
}