{
    "dense_search": {
        "mean": 0.45599015160965234,
        "p50": 0.44600002001971006,
        "p90": 0.5473799770697951,
        "p95": 0.5674199666827917,
        "p99": 0.6560680177062748,
        "max": 0.7042000070214272
    },
    "bm25_search": {
        "mean": 174.5632609219935,
        "p50": 171.58779996680096,
        "p90": 263.1154400296509,
        "p95": 292.36768000992015,
        "p99": 333.8804080057888,
        "max": 453.9719999884255
    },
    "graph_expansion": {
        "mean": 0.016947385066976912,
        "p50": 0.01650000922381878,
        "p90": 0.018859992269426588,
        "p95": 0.020839995704591278,
        "p99": 0.023084001149982207,
        "max": 0.025800021830946207
    },
    "fusion": {
        "mean": 0.03328984728656136,
        "p50": 0.03309996100142598,
        "p90": 0.03650002181529999,
        "p95": 0.040240015368908644,
        "p99": 0.046332003548741334,
        "max": 0.05319999763742089
    },
    "router_decision": {
        "mean": 1.0563009201835554,
        "p50": 1.0303999879397452,
        "p90": 1.1101999785751104,
        "p95": 1.2455800082534554,
        "p99": 1.645736005157231,
        "max": 1.720900007057935
    },
    "total": {
        "mean": 181.18623230427218,
        "p50": 178.1093999161385,
        "p90": 269.28431997075677,
        "p95": 298.9876799751073,
        "p99": 340.6924080243333,
        "max": 460.4248000541702
    },
    "cross_encoder_calls_per_query": 0.0,
    "candidates_reranked_per_query": 0.0
}