{
    "dense_ndcg": 0.3338768214476023,
    "psafe_ndcg": 0.3338768214476023,
    "oracle_ndcg": 0.3941244649470096,
    "dense_latency": 2.5594592616134495,
    "psafe_latency": 7.178317282972627,
    "best_hybrid_name": "Deep Hybrid",
    "best_hybrid_ndcg": 0.3631959476697065,
    "best_hybrid_latency": 721.2951259251345,
    "quality_retention_vs_best_hybrid": 0.0,
    "quality_retention_vs_hybrid": 0.0,
    "latency_saving_vs_best_hybrid": 0.9900480163736505,
    "harm_avoidance": 0.0456812778801726,
    "recovery_capture": 0.0,
    "oracle_gap": 0.06024764349940731,
    "oracle_gap_closed": 0.0,
    "safe_gain": 0.0,
    "taxonomy": "Hybrid-beneficial / P-SAFE under-treatment",
    "dataset": "nfcorpus",
    "hybrid_activation_rate": 0.0,
    "p_value_vs_dense": 1.0,
    "p_value_vs_hybrid": 0.015025351380550755,
    "seed": 42,
    "split_hash": "3efc0f16"
}