{
    "dense_search": {
        "mean": 0.3052882733036201,
        "p50": 0.3069999802391976,
        "p90": 0.32977000810205936,
        "p95": 0.3387800185009837,
        "p99": 0.3581980045419184,
        "max": 0.38679997669532895
    },
    "bm25_search": {
        "mean": 3.497141356620202,
        "p50": 2.632949996041134,
        "p90": 6.923119956627488,
        "p95": 7.773995038587599,
        "p99": 8.576703988364898,
        "max": 8.692800009157509
    },
    "graph_expansion": {
        "mean": 0.009719136510228302,
        "p50": 0.009600014891475439,
        "p90": 0.010690023191273212,
        "p95": 0.011594971874728797,
        "p99": 0.01366798765957354,
        "max": 0.015400000847876072
    },
    "fusion": {
        "mean": 0.0253524649227153,
        "p50": 0.025300018023699522,
        "p90": 0.027990032685920596,
        "p95": 0.028995046159252524,
        "p99": 0.03161700791679322,
        "max": 0.034999975468963385
    },
    "router_decision": {
        "mean": 1.0434216061566761,
        "p50": 1.0300499852746725,
        "p90": 1.0767899977508932,
        "p95": 1.1124299751827493,
        "p99": 1.5972950286231922,
        "max": 1.8266999977640808
    },
    "total": {
        "mean": 7.178317282972627,
        "p50": 6.689250003546476,
        "p90": 10.82055996521376,
        "p95": 11.600654979702083,
        "p99": 12.171114987577312,
        "max": 12.494099966716021
    },
    "cross_encoder_calls_per_query": 0.0,
    "candidates_reranked_per_query": 0.0
}