{
    "best_hybrid_name": "Deep Hybrid",
    "best_hybrid_ndcg": 0.3919371290202713,
    "best_hybrid_latency": 1234.5806572235238,
    "quality_retention_vs_best_hybrid": 0.0,
    "quality_retention_vs_hybrid": 0.0,
    "latency_saving_vs_best_hybrid": 0.6100805331995675,
    "harm_avoidance": 0.1381644885527115,
    "recovery_capture": 0.4110882777456435,
    "oracle_gap": 0.11765740834244659,
    "oracle_gap_closed": 0.0683729062996449,
    "safe_gain": -0.0014109953565849265,
    "taxonomy": "Protection / No-benefit",
    "dataset": "arguana",
    "hybrid_activation_rate": 0.40226628895184136,
    "p_value_vs_dense": 0.26199119858571457,
    "p_value_vs_hybrid": 0.2695016832412807
}