{
    "P-SAFE vs Dense": {
        "comparison": "B-P-SAFE vs Dense",
        "n_queries": 706,
        "mean_delta": 0.00863497746089015,
        "median_delta": 0.0,
        "std_delta": 0.20423595689740023,
        "baseline_mean": 0.39457959764510603,
        "system_mean": 0.4032145751059962,
        "wins": 112,
        "ties": 483,
        "losses": 111,
        "effect_size": {
            "cohens_d": 0.0344207410767075,
            "cohens_dz": 0.04224946479449196,
            "magnitude": "negligible"
        },
        "paired_ttest": {
            "t_statistic": 1.122596185833195,
            "p_value": 0.26199119858571457,
            "significant": false
        },
        "wilcoxon": {
            "w_statistic": 11523.5,
            "p_value": 0.31716320782345175,
            "significant": false,
            "n_nonzero": 223
        },
        "bootstrap_ci": {
            "ci_low": -0.006702987939165887,
            "ci_high": 0.023731376141895192,
            "ci_level": 0.95,
            "significant": false,
            "n_bootstrap": 5000
        },
        "permutation_test": {
            "p_value": 0.2675,
            "significant": false,
            "n_permutations": 2000
        },
        "easy_queries": {
            "n": 211,
            "baseline_mean": 0.6309297535714575,
            "system_mean": 0.6000455602503012,
            "mean_delta": -0.030884193321156377,
            "degradation": true,
            "improvement": false
        },
        "hard_queries": {
            "n": 495,
            "baseline_mean": 0.2938323594623581,
            "system_mean": 0.3193128824485246,
            "mean_delta": 0.025480522986166546,
            "degradation": false,
            "improvement": true
        }
    },
    "P-SAFE vs Hybrid": {
        "comparison": "B-P-SAFE vs Hybrid",
        "n_queries": 706,
        "mean_delta": 0.011277446085724846,
        "median_delta": 0.0,
        "std_delta": 0.27096387111914866,
        "baseline_mean": 0.3919371290202713,
        "system_mean": 0.4032145751059962,
        "wins": 181,
        "ties": 388,
        "losses": 137,
        "effect_size": {
            "cohens_d": 0.037359285611213176,
            "cohens_dz": 0.041590254631114376,
            "magnitude": "negligible"
        },
        "paired_ttest": {
            "t_statistic": 1.1050805363765743,
            "p_value": 0.2695016832412807,
            "significant": false
        },
        "wilcoxon": {
            "w_statistic": 23280.0,
            "p_value": 0.20449641723666945,
            "significant": false,
            "n_nonzero": 318
        },
        "bootstrap_ci": {
            "ci_low": -0.008304821650677337,
            "ci_high": 0.03073127848694545,
            "ci_level": 0.95,
            "significant": false,
            "n_bootstrap": 5000
        },
        "permutation_test": {
            "p_value": 0.259,
            "significant": false,
            "n_permutations": 2000
        },
        "easy_queries": {
            "n": 211,
            "baseline_mean": 0.49336573726969285,
            "system_mean": 0.6000455602503012,
            "mean_delta": 0.10667982298060831,
            "degradation": false,
            "improvement": true
        },
        "hard_queries": {
            "n": 495,
            "baseline_mean": 0.3487019040897097,
            "system_mean": 0.3193128824485246,
            "mean_delta": -0.02938902164118508,
            "degradation": true,
            "improvement": false
        }
    }
}