{
    "dense_ndcg": 0.39457959764510603,
    "psafe_ndcg": 0.406909818187856,
    "oracle_ndcg": 0.5208719834484428,
    "dense_latency": 3.104022663500867,
    "psafe_latency": 400.4297539650821,
    "best_hybrid_name": "Deep Hybrid",
    "best_hybrid_ndcg": 0.39154463658829985,
    "best_hybrid_latency": 1182.9099640230913,
    "quality_retention_vs_best_hybrid": 0.0,
    "quality_retention_vs_hybrid": 0.0,
    "latency_saving_vs_best_hybrid": 0.6614875466910299,
    "harm_avoidance": 0.18466013520976526,
    "recovery_capture": 0.19040043838077408,
    "oracle_gap": 0.11396216526058678,
    "oracle_gap_closed": 0.09763233519042591,
    "safe_gain": 0.010107871422852029,
    "taxonomy": "Protection / No-benefit",
    "dataset": "arguana",
    "hybrid_activation_rate": 0.1501416430594901,
    "p_value_vs_dense": 0.007909728021918038,
    "p_value_vs_hybrid": 0.19794308971054886,
    "seed": 42,
    "split_hash": "3a79a1e2"
}