{
    "dense_search": {
        "mean": 0.3066154385827186,
        "p50": 0.3074999840464443,
        "p90": 0.35260000731796026,
        "p95": 0.36617499426938593,
        "p99": 0.3884799894876778,
        "max": 0.43100002221763134
    },
    "bm25_search": {
        "mean": 261.42692719558164,
        "p50": 239.13420000462793,
        "p90": 396.8615499907173,
        "p95": 461.90845003002323,
        "p99": 649.1420250007654,
        "max": 1004.9814999802038
    },
    "graph_expansion": {
        "mean": 0.01334801656602969,
        "p50": 0.013200042303651571,
        "p90": 0.014300050679594278,
        "p95": 0.014875011402182281,
        "p99": 0.017800016212277114,
        "max": 0.020200037397444248
    },
    "fusion": {
        "mean": 0.03396827172192484,
        "p50": 0.03450002986937761,
        "p90": 0.0363999861292541,
        "p95": 0.03754999488592148,
        "p99": 0.04019501502625645,
        "max": 0.05099998088553548
    },
    "cross_encoder": {
        "mean": 134.76379235042918,
        "p50": 0.0,
        "p90": 781.9391499215271,
        "p95": 936.661474959692,
        "p99": 1275.8782600052657,
        "max": 1907.09799999604
    },
    "router_decision": {
        "mean": 1.0640992920366894,
        "p50": 1.0480500059202313,
        "p90": 1.1192999954801053,
        "p95": 1.1908250453416258,
        "p99": 1.4248750259866945,
        "max": 1.8444000161252916
    },
    "total": {
        "mean": 400.4297539650821,
        "p50": 269.9812999635469,
        "p90": 1002.5187499704771,
        "p95": 1201.0768750333227,
        "p99": 1741.6650449769822,
        "max": 2620.33349997364
    },
    "cross_encoder_calls_per_query": 0.1501416430594901,
    "candidates_reranked_per_query": 15.01416430594901
}