{
  "Dense": {
    "method": "Dense",
    "num_queries": 326,
    "recall_at_k": {
      "10": 0.477163838206783
    },
    "ndcg_at_k": {
      "10": 0.41616521563458775
    },
    "mrr": 0.49721004966403737,
    "latency_mean_ms": 0.44775920292645394,
    "latency_p50_ms": 0.4405499930726364,
    "latency_p95_ms": 0.5600499935098924,
    "latency_p99_ms": 0.6261250091483817,
    "candidates_mean": 0.0,
    "candidates_total": 0,
    "k_mean": 10.0,
    "cost_per_recall": 0.0
  },
  "Dense+BM25": {
    "method": "Dense+BM25",
    "num_queries": 326,
    "recall_at_k": {
      "10": 0.41578116838853035
    },
    "ndcg_at_k": {
      "10": 0.3167682883879582
    },
    "mrr": 0.373015873015873,
    "latency_mean_ms": 177.16028343456185,
    "latency_p50_ms": 169.73099998722319,
    "latency_p95_ms": 299.1785249832901,
    "latency_p99_ms": 363.38985000475077,
    "candidates_mean": 0.0,
    "candidates_total": 0,
    "k_mean": 10.0,
    "cost_per_recall": 0.0
  },
  "Dense+Graph": {
    "method": "Dense+Graph",
    "num_queries": 326,
    "recall_at_k": {
      "10": 0.477163838206783
    },
    "ndcg_at_k": {
      "10": 0.41616521563458775
    },
    "mrr": 0.49721004966403737,
    "latency_mean_ms": 0.5231595082505623,
    "latency_p50_ms": 0.5186999915167689,
    "latency_p95_ms": 0.6324999922071584,
    "latency_p99_ms": 0.7011999914539047,
    "candidates_mean": 0.0,
    "candidates_total": 0,
    "k_mean": 10.0,
    "cost_per_recall": 0.0
  },
  "Dense+BM25+Graph": {
    "method": "Dense+BM25+Graph",
    "num_queries": 326,
    "recall_at_k": {
      "10": 0.4835544312538178
    },
    "ndcg_at_k": {
      "10": 0.3689907150767658
    },
    "mrr": 0.41375985977212976,
    "latency_mean_ms": 176.00899570542273,
    "latency_p50_ms": 167.15090001525823,
    "latency_p95_ms": 302.66575000132434,
    "latency_p99_ms": 358.75787499389844,
    "candidates_mean": 0.0,
    "candidates_total": 0,
    "k_mean": 10.0,
    "cost_per_recall": 0.0
  },
  "Dense+BM25+CE": {
    "method": "Dense+BM25+CE",
    "num_queries": 326,
    "recall_at_k": {
      "10": 0.5104265707026443
    },
    "ndcg_at_k": {
      "10": 0.4457732362492622
    },
    "mrr": 0.5346613594312981,
    "latency_mean_ms": 531.5418254607821,
    "latency_p50_ms": 522.7583999949275,
    "latency_p95_ms": 753.1577749905409,
    "latency_p99_ms": 866.8042499994044,
    "candidates_mean": 0.0,
    "candidates_total": 0,
    "k_mean": 10.0,
    "cost_per_recall": 0.0
  },
  "Dense+BM25+Graph+CE": {
    "method": "Dense+BM25+Graph+CE",
    "num_queries": 326,
    "recall_at_k": {
      "10": 0.5104265707026443
    },
    "ndcg_at_k": {
      "10": 0.4457732362492622
    },
    "mrr": 0.5346613594312981,
    "latency_mean_ms": 536.4750414117927,
    "latency_p50_ms": 531.1656499980018,
    "latency_p95_ms": 761.0590249896632,
    "latency_p99_ms": 863.5878249988309,
    "candidates_mean": 0.0,
    "candidates_total": 0,
    "k_mean": 10.0,
    "cost_per_recall": 0.0
  },
  "Deep Hybrid": {
    "method": "Deep Hybrid",
    "num_queries": 326,
    "recall_at_k": {
      "10": 0.5084107950672367
    },
    "ndcg_at_k": {
      "10": 0.4454408997653124
    },
    "mrr": 0.5379382120946538,
    "latency_mean_ms": 903.3195230067298,
    "latency_p50_ms": 889.3594999972265,
    "latency_p95_ms": 1247.0545750111341,
    "latency_p99_ms": 1435.035499976948,
    "candidates_mean": 0.0,
    "candidates_total": 0,
    "k_mean": 10.0,
    "cost_per_recall": 0.0
  },
  "P-SAFE-AMSR": {
    "method": "P-SAFE-AMSR",
    "num_queries": 326,
    "recall_at_k": {
      "10": 0.47654303773935675
    },
    "ndcg_at_k": {
      "10": 0.4228480045782369
    },
    "mrr": 0.5110867659947415,
    "latency_mean_ms": 172.82059570585886,
    "latency_p50_ms": 0.4648000031011179,
    "latency_p95_ms": 945.6082249962492,
    "latency_p99_ms": 1139.5509750000201,
    "candidates_mean": 0.0,
    "candidates_total": 0,
    "k_mean": 10.0,
    "cost_per_recall": 0.0
  }
}