{
  "easy_query_count": 130,
  "hard_query_count": 196,
  "hybrid_overtreatment_rate": 0.3153846153846154,
  "hybrid_overtreatment_severity": 0.04761808547388479,
  "psafe_overtreatment_avoidance_rate": 0.8292682926829268,
  "latency_avoidance": 0.8086827625172767,
  "harm_avoidance": 0.06537658120166955
}