{
  "P-SAFE vs Dense": {
    "comparison": "P-SAFE-AMSR vs Dense",
    "n_queries": 326,
    "mean_delta": 0.0066827889436491044,
    "median_delta": 0.0,
    "std_delta": 0.09182771399569908,
    "baseline_mean": 0.41616521563458775,
    "system_mean": 0.4228480045782369,
    "wins": 23,
    "ties": 288,
    "losses": 15,
    "effect_size": {
      "cohens_d": 0.018094284743084322,
      "magnitude": "negligible"
    },
    "paired_ttest": {
      "t_statistic": 1.3119752823509911,
      "p_value": 0.19045439856956237,
      "significant": false
    },
    "wilcoxon": {
      "w_statistic": 287.0,
      "p_value": 0.2258878874765019,
      "significant": false,
      "n_nonzero": 38
    },
    "bootstrap_ci": {
      "ci_low": -0.0021936998318158206,
      "ci_high": 0.017059221664728896,
      "ci_level": 0.95,
      "significant": false,
      "n_bootstrap": 1000
    },
    "permutation_test": {
      "p_value": 0.1896,
      "significant": false,
      "n_permutations": 5000
    },
    "easy_queries": {
      "n": 130,
      "baseline_mean": 0.8090580604071653,
      "system_mean": 0.8062387502247363,
      "mean_delta": -0.0028193101824289103,
      "degradation": true,
      "improvement": false
    },
    "hard_queries": {
      "n": 196,
      "baseline_mean": 0.15557302267318435,
      "system_mean": 0.16855822430249745,
      "mean_delta": 0.012985201629313093,
      "degradation": false,
      "improvement": true
    }
  },
  "P-SAFE vs Dense+BM25+CE": {
    "comparison": "P-SAFE-AMSR vs Dense+BM25+CE",
    "n_queries": 326,
    "mean_delta": -0.02292523167102529,
    "median_delta": 0.0,
    "std_delta": 0.1967913923028108,
    "baseline_mean": 0.4457732362492622,
    "system_mean": 0.4228480045782369,
    "wins": 57,
    "ties": 180,
    "losses": 89,
    "effect_size": {
      "cohens_d": -0.06188998056369378,
      "magnitude": "negligible"
    },
    "paired_ttest": {
      "t_statistic": -2.1001451670351354,
      "p_value": 0.03648647913105385,
      "significant": true
    },
    "wilcoxon": {
      "w_statistic": 4285.0,
      "p_value": 0.03478153968042459,
      "significant": true,
      "n_nonzero": 146
    },
    "bootstrap_ci": {
      "ci_low": -0.04635451462529778,
      "ci_high": -0.0017792435385098617,
      "ci_level": 0.95,
      "significant": true,
      "n_bootstrap": 1000
    },
    "permutation_test": {
      "p_value": 0.0322,
      "significant": true,
      "n_permutations": 5000
    },
    "easy_queries": {
      "n": 130,
      "baseline_mean": 0.7677787532440613,
      "system_mean": 0.8062387502247363,
      "mean_delta": 0.03845999698067515,
      "degradation": false,
      "improvement": true
    },
    "hard_queries": {
      "n": 196,
      "baseline_mean": 0.23219814844658937,
      "system_mean": 0.16855822430249745,
      "mean_delta": -0.06363992414409192,
      "degradation": true,
      "improvement": false
    }
  },
  "P-SAFE vs Deep Hybrid": {
    "comparison": "P-SAFE-AMSR vs Deep Hybrid",
    "n_queries": 326,
    "mean_delta": -0.022592895187075555,
    "median_delta": 0.0,
    "std_delta": 0.21467750895670873,
    "baseline_mean": 0.4454408997653124,
    "system_mean": 0.4228480045782369,
    "wins": 62,
    "ties": 179,
    "losses": 85,
    "effect_size": {
      "cohens_d": -0.06103839711871124,
      "magnitude": "negligible"
    },
    "paired_ttest": {
      "t_statistic": -1.8972607436629858,
      "p_value": 0.058679744745576815,
      "significant": false
    },
    "wilcoxon": {
      "w_statistic": 4445.0,
      "p_value": 0.054580311769753816,
      "significant": false,
      "n_nonzero": 147
    },
    "bootstrap_ci": {
      "ci_low": -0.04638257369849516,
      "ci_high": 0.0016091671921174874,
      "ci_level": 0.95,
      "significant": false,
      "n_bootstrap": 1000
    },
    "permutation_test": {
      "p_value": 0.0558,
      "significant": false,
      "n_permutations": 5000
    },
    "easy_queries": {
      "n": 130,
      "baseline_mean": 0.7614399749332805,
      "system_mean": 0.8062387502247363,
      "mean_delta": 0.04479877529145588,
      "degradation": false,
      "improvement": true
    },
    "hard_queries": {
      "n": 196,
      "baseline_mean": 0.23584967643961935,
      "system_mean": 0.16855822430249745,
      "mean_delta": -0.06729145213712191,
      "degradation": true,
      "improvement": false
    }
  },
  "P-SAFE vs Oracle": {
    "comparison": "P-SAFE-AMSR vs Oracle",
    "n_queries": 326,
    "mean_delta": -0.10157424722619093,
    "median_delta": 0.0,
    "std_delta": 0.18038110848156916,
    "baseline_mean": 0.5244222518044278,
    "system_mean": 0.4228480045782369,
    "wins": 0,
    "ties": 201,
    "losses": 125,
    "effect_size": {
      "cohens_d": -0.2779492743897805,
      "magnitude": "small"
    },
    "paired_ttest": {
      "t_statistic": -10.151594025660058,
      "p_value": 3.2596832270790877e-21,
      "significant": true
    },
    "wilcoxon": {
      "w_statistic": 0.0,
      "p_value": 2.9586088964588335e-22,
      "significant": true,
      "n_nonzero": 125
    },
    "bootstrap_ci": {
      "ci_low": -0.12195023128277976,
      "ci_high": -0.08188925400940104,
      "ci_level": 0.95,
      "significant": true,
      "n_bootstrap": 1000
    },
    "permutation_test": {
      "p_value": 0.0,
      "significant": true,
      "n_permutations": 5000
    },
    "easy_queries": {
      "n": 130,
      "baseline_mean": 0.8511288455928101,
      "system_mean": 0.8062387502247363,
      "mean_delta": -0.04489009536807375,
      "degradation": true,
      "improvement": false
    },
    "hard_queries": {
      "n": 196,
      "baseline_mean": 0.3077291028631539,
      "system_mean": 0.16855822430249745,
      "mean_delta": -0.13917087856065644,
      "degradation": true,
      "improvement": false
    }
  }
}