{
    "dense_ndcg": 0.632779056975583,
    "psafe_ndcg": 0.632779056975583,
    "oracle_ndcg": 0.7270460802302606,
    "dense_latency": 2.9453118431296104,
    "psafe_latency": 22.539494074743217,
    "best_hybrid_name": "Deep Hybrid",
    "best_hybrid_ndcg": 0.6803075952970614,
    "best_hybrid_latency": 705.1160578978995,
    "quality_retention_vs_best_hybrid": 0.0,
    "quality_retention_vs_hybrid": 0.0,
    "latency_saving_vs_best_hybrid": 0.9680343486405086,
    "harm_avoidance": 0.06053268639805144,
    "recovery_capture": 0.0,
    "oracle_gap": 0.09426702325467762,
    "oracle_gap_closed": 0.0,
    "safe_gain": 0.0,
    "taxonomy": "Hybrid-beneficial / P-SAFE under-treatment",
    "dataset": "scifact",
    "hybrid_activation_rate": 0.006578947368421052,
    "p_value_vs_dense": 1.0,
    "p_value_vs_hybrid": 0.02913073536253843,
    "seed": 2026,
    "split_hash": "71b4e55b"
}