{
    "dense_search": {
        "mean": 0.36761973713414353,
        "p50": 0.36830001045018435,
        "p90": 0.40689996094442904,
        "p95": 0.4152800189331174,
        "p99": 0.4564470116747543,
        "max": 0.4917000187560916
    },
    "bm25_search": {
        "mean": 14.657398022551972,
        "p50": 13.995250017615035,
        "p90": 22.268499969504774,
        "p95": 23.29526500252541,
        "p99": 25.91848397511059,
        "max": 30.590999987907708
    },
    "graph_expansion": {
        "mean": 0.011653945732273553,
        "p50": 0.011200027074664831,
        "p90": 0.013699987903237343,
        "p95": 0.014444993576034902,
        "p99": 0.01806999265681955,
        "max": 0.020599982235580683
    },
    "fusion": {
        "mean": 0.028673027516465242,
        "p50": 0.028349983040243387,
        "p90": 0.031080003827810287,
        "p95": 0.03190501010976731,
        "p99": 0.040992021095007665,
        "max": 0.043199979700148106
    },
    "cross_encoder": {
        "mean": 3.834543421123128,
        "p50": 0.0,
        "p90": 0.0,
        "p95": 0.0,
        "p99": 0.0,
        "max": 582.8506000107154
    },
    "router_decision": {
        "mean": 1.0288605243610953,
        "p50": 1.0160999954678118,
        "p90": 1.0644200083334,
        "p95": 1.134469997487031,
        "p99": 1.263264987501316,
        "max": 1.456199970562011
    },
    "total": {
        "mean": 22.539494074743217,
        "p50": 18.224900035420433,
        "p90": 26.634489942807708,
        "p95": 27.559160048258487,
        "p99": 32.446180039551145,
        "max": 592.677700042259
    },
    "cross_encoder_calls_per_query": 0.006578947368421052,
    "candidates_reranked_per_query": 0.6578947368421053
}