{
    "dense_ndcg": 0.4009488443936071,
    "psafe_ndcg": 0.4009488443936071,
    "oracle_ndcg": 0.5151621459180167,
    "dense_latency": 3.09468838488472,
    "psafe_latency": 269.88086812613693,
    "best_hybrid_name": "Deep Hybrid",
    "best_hybrid_ndcg": 0.37834245267769734,
    "best_hybrid_latency": 1199.3265235138642,
    "quality_retention_vs_best_hybrid": 0.0,
    "quality_retention_vs_hybrid": 0.0,
    "latency_saving_vs_best_hybrid": 0.7749729845585149,
    "harm_avoidance": 0.21156510409885587,
    "recovery_capture": 0.0,
    "oracle_gap": 0.11421330152440956,
    "oracle_gap_closed": 0.0,
    "safe_gain": 0.0,
    "taxonomy": "Protection / No-benefit",
    "dataset": "arguana",
    "hybrid_activation_rate": 0.0,
    "p_value_vs_dense": 1.0,
    "p_value_vs_hybrid": 0.07047067138587461,
    "seed": 2026,
    "split_hash": "b11ebcbb"
}