{
    "dense_search": {
        "mean": 0.30435297473943224,
        "p50": 0.3056999994441867,
        "p90": 0.35165000008419156,
        "p95": 0.3650500293588266,
        "p99": 0.39685999508947156,
        "max": 0.42289996054023504
    },
    "bm25_search": {
        "mean": 265.6586386681212,
        "p50": 243.3187499991618,
        "p90": 392.5936500017997,
        "p95": 473.5286749928491,
        "p99": 707.3532899725258,
        "max": 1017.2791999648325
    },
    "graph_expansion": {
        "mean": 0.01333668495254016,
        "p50": 0.013199984095990658,
        "p90": 0.014299992471933365,
        "p95": 0.014899997040629387,
        "p99": 0.017785019008442773,
        "max": 0.019700033590197563
    },
    "fusion": {
        "mean": 0.03409546584935685,
        "p50": 0.03459997242316604,
        "p90": 0.03645001561380923,
        "p95": 0.038300000596791506,
        "p99": 0.042370028677396504,
        "max": 0.055500015150755644
    },
    "router_decision": {
        "mean": 1.056294897656951,
        "p50": 1.0345999908167869,
        "p90": 1.0984000109601766,
        "p95": 1.2334499770076945,
        "p99": 1.4952899829950186,
        "max": 1.96159997722134
    },
    "total": {
        "mean": 269.88086812613693,
        "p50": 247.51524993916973,
        "p90": 397.26055003120564,
        "p95": 478.5485000174958,
        "p99": 711.4454050810316,
        "max": 1021.5321999858133
    },
    "cross_encoder_calls_per_query": 0.0,
    "candidates_reranked_per_query": 0.0
}