{
    "dense_ndcg": 0.39457959764510603,
    "psafe_ndcg": 0.4063625327531363,
    "oracle_ndcg": 0.5208719834484428,
    "dense_latency": 3.104022663500867,
    "psafe_latency": 469.0520518405624,
    "best_hybrid_name": "Deep Hybrid",
    "best_hybrid_ndcg": 0.39154463658829985,
    "best_hybrid_latency": 1182.9099640230913,
    "quality_retention_vs_best_hybrid": 0.0,
    "quality_retention_vs_hybrid": 0.0,
    "latency_saving_vs_best_hybrid": 0.6034761172817324,
    "harm_avoidance": 0.17360001280633636,
    "recovery_capture": 0.2580819788042955,
    "oracle_gap": 0.11450945069530649,
    "oracle_gap_closed": 0.0932988559292775,
    "safe_gain": 0.00937182628414851,
    "taxonomy": "Protection / No-benefit",
    "dataset": "arguana",
    "hybrid_activation_rate": 0.22804532577903683,
    "p_value_vs_dense": 0.03925777631742541,
    "p_value_vs_hybrid": 0.19602603899590057,
    "seed": 42,
    "split_hash": "3a79a1e2"
}