{
    "dense_search": {
        "mean": 0.3066154385827186,
        "p50": 0.3074999840464443,
        "p90": 0.35260000731796026,
        "p95": 0.36617499426938593,
        "p99": 0.3884799894876778,
        "max": 0.43100002221763134
    },
    "bm25_search": {
        "mean": 261.42692719558164,
        "p50": 239.13420000462793,
        "p90": 396.8615499907173,
        "p95": 461.90845003002323,
        "p99": 649.1420250007654,
        "max": 1004.9814999802038
    },
    "graph_expansion": {
        "mean": 0.01334801656602969,
        "p50": 0.013200042303651571,
        "p90": 0.014300050679594278,
        "p95": 0.014875011402182281,
        "p99": 0.017800016212277114,
        "max": 0.020200037397444248
    },
    "fusion": {
        "mean": 0.03396827172192484,
        "p50": 0.03450002986937761,
        "p90": 0.0363999861292541,
        "p95": 0.03754999488592148,
        "p99": 0.04019501502625645,
        "max": 0.05099998088553548
    },
    "cross_encoder": {
        "mean": 203.41098356976175,
        "p50": 0.0,
        "p90": 885.0618500146084,
        "p95": 1022.3228750692215,
        "p99": 1304.981725016843,
        "max": 1907.09799999604
    },
    "router_decision": {
        "mean": 1.0392059481843894,
        "p50": 1.0237499955110252,
        "p90": 1.0762500169221312,
        "p95": 1.1441999959060922,
        "p99": 1.3944500242359936,
        "max": 1.7379999626427889
    },
    "total": {
        "mean": 469.0520518405624,
        "p50": 287.62849999475293,
        "p90": 1129.6723000414204,
        "p95": 1317.0183499896666,
        "p99": 1755.0689449941278,
        "max": 2619.953999936115
    },
    "cross_encoder_calls_per_query": 0.22804532577903683,
    "candidates_reranked_per_query": 22.804532577903682
}