{
    "P-SAFE vs Dense": {
        "comparison": "B-P-SAFE vs Dense",
        "n_queries": 706,
        "mean_delta": 0.011782935108030329,
        "median_delta": 0.0,
        "std_delta": 0.15148193552871614,
        "baseline_mean": 0.39457959764510603,
        "system_mean": 0.4063625327531363,
        "wins": 71,
        "ties": 576,
        "losses": 59,
        "effect_size": {
            "cohens_d": 0.04879885706889092,
            "cohens_dz": 0.07772931640310546,
            "magnitude": "negligible"
        },
        "paired_ttest": {
            "t_statistic": 2.0653192779124536,
            "p_value": 0.03925777631742541,
            "significant": true
        },
        "wilcoxon": {
            "w_statistic": 3425.0,
            "p_value": 0.052968614111167,
            "significant": false,
            "n_nonzero": 130
        },
        "bootstrap_ci": {
            "ci_low": 0.00030727577384030377,
            "ci_high": 0.022951936539470807,
            "ci_level": 0.95,
            "significant": true,
            "n_bootstrap": 5000
        },
        "permutation_test": {
            "p_value": 0.0335,
            "significant": true,
            "n_permutations": 2000
        },
        "easy_queries": {
            "n": 211,
            "baseline_mean": 0.6309297535714575,
            "system_mean": 0.6219237793760986,
            "mean_delta": -0.009005974195358936,
            "degradation": true,
            "improvement": false
        },
        "hard_queries": {
            "n": 495,
            "baseline_mean": 0.2938323594623581,
            "system_mean": 0.31447682964718665,
            "mean_delta": 0.02064447018482858,
            "degradation": false,
            "improvement": true
        }
    },
    "P-SAFE vs Hybrid": {
        "comparison": "B-P-SAFE vs Hybrid",
        "n_queries": 706,
        "mean_delta": 0.014817896164836407,
        "median_delta": 0.0,
        "std_delta": 0.3040083162097269,
        "baseline_mean": 0.39154463658829985,
        "system_mean": 0.4063625327531363,
        "wins": 233,
        "ties": 295,
        "losses": 178,
        "effect_size": {
            "cohens_d": 0.05035591498588302,
            "cohens_dz": 0.04870721423011697,
            "magnitude": "negligible"
        },
        "paired_ttest": {
            "t_statistic": 1.2941828537534052,
            "p_value": 0.19602603899590057,
            "significant": false
        },
        "wilcoxon": {
            "w_statistic": 38821.0,
            "p_value": 0.1447331561809259,
            "significant": false,
            "n_nonzero": 411
        },
        "bootstrap_ci": {
            "ci_low": -0.007315051304380568,
            "ci_high": 0.03657026175642037,
            "ci_level": 0.95,
            "significant": false,
            "n_bootstrap": 5000
        },
        "permutation_test": {
            "p_value": 0.1875,
            "significant": false,
            "n_permutations": 2000
        },
        "easy_queries": {
            "n": 211,
            "baseline_mean": 0.4920524687532388,
            "system_mean": 0.6219237793760986,
            "mean_delta": 0.12987131062285975,
            "degradation": false,
            "improvement": true
        },
        "hard_queries": {
            "n": 495,
            "baseline_mean": 0.3487019040897097,
            "system_mean": 0.31447682964718665,
            "mean_delta": -0.03422507444252304,
            "degradation": true,
            "improvement": false
        }
    }
}