{
    "Dense-only": {
        "mean_delta": 0.0,
        "p_value": 1.0,
        "cohens_dz": 0.0,
        "label": "protection mode",
        "is_significant": false
    },
    "Always-Hybrid": {
        "mean_delta": 0.08645268711734888,
        "p_value": 0.00020848569572725557,
        "cohens_dz": 0.30831003560002285,
        "label": "significant improvement",
        "is_significant": true
    },
    "Random": {
        "mean_delta": 0.02104415742036116,
        "p_value": 0.12827732283186621,
        "cohens_dz": 0.12404422674841645,
        "label": "positive but not significant",
        "is_significant": false
    },
    "Dense-margin": {
        "mean_delta": 0.08417226946412641,
        "p_value": 4.702785471970412e-05,
        "cohens_dz": 0.3399665665029883,
        "label": "significant improvement",
        "is_significant": true
    },
    "Dense-entropy": {
        "mean_delta": 0.06666027214389149,
        "p_value": 0.0011183487419763275,
        "cohens_dz": 0.2695096016571738,
        "label": "significant improvement",
        "is_significant": true
    },
    "Regression-only": {
        "mean_delta": 0.049106834291228564,
        "p_value": 0.010330424159806529,
        "cohens_dz": 0.21065455498233723,
        "label": "significant improvement",
        "is_significant": true
    },
    "Classification-only": {
        "mean_delta": 0.08217031257914405,
        "p_value": 0.0003461315390481395,
        "cohens_dz": 0.29699084560617367,
        "label": "significant improvement",
        "is_significant": true
    },
    "Oracle": {
        "mean_delta": 0.11973505811427806,
        "p_value": 8.847601933979072e-09,
        "cohens_dz": 0.4941530236799916,
        "label": "significant improvement",
        "is_significant": true
    }
}