{
    "dense_search": {
        "mean": 0.3674519730817625,
        "p50": 0.367750006262213,
        "p90": 0.41280000004917383,
        "p95": 0.4191700223600492,
        "p99": 0.4486840119352564,
        "max": 0.45629998203366995
    },
    "bm25_search": {
        "mean": 14.457892763235385,
        "p50": 13.897650002036244,
        "p90": 21.6181599535048,
        "p95": 23.29526500252541,
        "p99": 25.851058020489322,
        "max": 28.25399994617328
    },
    "graph_expansion": {
        "mean": 0.011523679667765177,
        "p50": 0.011000025551766157,
        "p90": 0.013699987903237343,
        "p95": 0.01463499502278864,
        "p99": 0.017795960884541277,
        "max": 0.019599974621087313
    },
    "fusion": {
        "mean": 0.028816450044120614,
        "p50": 0.028350012144073844,
        "p90": 0.031100003980100155,
        "p95": 0.033730024006217704,
        "p99": 0.041841027559712536,
        "max": 0.0447999918833375
    },
    "cross_encoder": {
        "mean": 467.64310987208245,
        "p50": 605.2221499849111,
        "p90": 852.729520003777,
        "p95": 912.7377149328815,
        "p99": 1034.840273978771,
        "max": 1065.1159000699408
    },
    "router_decision": {
        "mean": 1.035837498707942,
        "p50": 1.0217999806627631,
        "p90": 1.0705200023949146,
        "p95": 1.1011450027581304,
        "p99": 1.3937750045442971,
        "max": 1.6567999846301973
    },
    "total": {
        "mean": 486.16480789573154,
        "p50": 623.3069000008982,
        "p90": 868.1262699887156,
        "p95": 937.5036899495166,
        "p99": 1059.0684100042565,
        "max": 1092.2327000880614
    },
    "cross_encoder_calls_per_query": 0.6644736842105263,
    "candidates_reranked_per_query": 66.44736842105263
}