{
    "dense_ndcg": 0.4145597851164451,
    "psafe_ndcg": 0.4145597851164451,
    "oracle_ndcg": 0.497049847921566,
    "dense_latency": 5.522981232497841,
    "psafe_latency": 178.33075661588316,
    "best_hybrid_name": "Deep Hybrid",
    "best_hybrid_ndcg": 0.4524444793224622,
    "best_hybrid_latency": 854.3495575392333,
    "quality_retention_vs_best_hybrid": 0.0,
    "quality_retention_vs_hybrid": 0.0,
    "latency_saving_vs_best_hybrid": 0.7912672218974095,
    "harm_avoidance": 0.07106967872074642,
    "recovery_capture": 0.0,
    "oracle_gap": 0.08249006280512089,
    "oracle_gap_closed": 0.0,
    "safe_gain": 0.0,
    "taxonomy": "Hybrid-beneficial / P-SAFE under-treatment",
    "dataset": "fiqa",
    "hybrid_activation_rate": 0.0,
    "p_value_vs_dense": 1.0,
    "p_value_vs_hybrid": 0.0022494271746278187,
    "seed": 2026,
    "split_hash": "202ba547"
}