{
    "dense_search": {
        "mean": 0.45294584348224676,
        "p50": 0.4493999877013266,
        "p90": 0.5438800086267292,
        "p95": 0.5683800205588341,
        "p99": 0.6466439901851117,
        "max": 0.6720999954268336
    },
    "bm25_search": {
        "mean": 171.68126000001882,
        "p50": 169.27439998835325,
        "p90": 254.67151999473572,
        "p95": 269.34563998365775,
        "p99": 319.0803479962049,
        "max": 453.9719999884255
    },
    "graph_expansion": {
        "mean": 0.01690246182708786,
        "p50": 0.01650000922381878,
        "p90": 0.018600025214254856,
        "p95": 0.02006003633141518,
        "p99": 0.023300002794712782,
        "max": 0.025800021830946207
    },
    "fusion": {
        "mean": 0.03332215558307675,
        "p50": 0.03309996100142598,
        "p90": 0.036459986586123705,
        "p95": 0.03931996179744602,
        "p99": 0.047184010036289685,
        "max": 0.06719998782500625
    },
    "router_decision": {
        "mean": 1.055403077043593,
        "p50": 1.0408000089228153,
        "p90": 1.094200008083135,
        "p95": 1.1428399826399982,
        "p99": 1.294071970041841,
        "max": 1.8226999673061073
    },
    "total": {
        "mean": 178.33075661588316,
        "p50": 175.609799916856,
        "p90": 261.73845999874175,
        "p95": 275.9702599956654,
        "p99": 325.534164002165,
        "max": 460.4078000411391
    },
    "cross_encoder_calls_per_query": 0.0,
    "candidates_reranked_per_query": 0.0
}