{
    "dense_ndcg": 0.4009488443936071,
    "psafe_ndcg": 0.41911141487906206,
    "oracle_ndcg": 0.5151621459180167,
    "dense_latency": 3.09468838488472,
    "psafe_latency": 564.1985999974495,
    "best_hybrid_name": "Deep Hybrid",
    "best_hybrid_ndcg": 0.37834245267769734,
    "best_hybrid_latency": 1199.3265235138642,
    "quality_retention_vs_best_hybrid": 0.0,
    "quality_retention_vs_hybrid": 0.0,
    "latency_saving_vs_best_hybrid": 0.5295704806524049,
    "harm_avoidance": 0.15989612813962478,
    "recovery_capture": 0.4334844519960036,
    "oracle_gap": 0.09605073103895462,
    "oracle_gap_closed": 0.15902325073383206,
    "safe_gain": 0.00795589308761388,
    "taxonomy": "Protection / No-benefit",
    "dataset": "arguana",
    "hybrid_activation_rate": 0.32294617563739375,
    "p_value_vs_dense": 0.011650632545394593,
    "p_value_vs_hybrid": 6.035218659584274e-05,
    "seed": 2026,
    "split_hash": "b11ebcbb"
}