{
    "dense_search": {
        "mean": 0.30435297473943224,
        "p50": 0.3056999994441867,
        "p90": 0.35165000008419156,
        "p95": 0.3650500293588266,
        "p99": 0.39685999508947156,
        "max": 0.42289996054023504
    },
    "bm25_search": {
        "mean": 265.6586386681212,
        "p50": 243.3187499991618,
        "p90": 392.5936500017997,
        "p95": 473.5286749928491,
        "p99": 707.3532899725258,
        "max": 1017.2791999648325
    },
    "graph_expansion": {
        "mean": 0.01333668495254016,
        "p50": 0.013199984095990658,
        "p90": 0.014299992471933365,
        "p95": 0.014899997040629387,
        "p99": 0.017785019008442773,
        "max": 0.019700033590197563
    },
    "fusion": {
        "mean": 0.03409546584935685,
        "p50": 0.03459997242316604,
        "p90": 0.03645001561380923,
        "p95": 0.038300000596791506,
        "p99": 0.042370028677396504,
        "max": 0.055500015150755644
    },
    "cross_encoder": {
        "mean": 294.3196660057752,
        "p50": 0.0,
        "p90": 957.3057000525296,
        "p95": 1133.5971249791328,
        "p99": 1600.298439941256,
        "max": 2011.4574000472203
    },
    "router_decision": {
        "mean": 1.0543607631942293,
        "p50": 1.0238499962724745,
        "p90": 1.0918999905698001,
        "p95": 1.2149250105721876,
        "p99": 1.912169982097115,
        "max": 2.006600028835237
    },
    "total": {
        "mean": 564.1985999974495,
        "p50": 316.7268999677617,
        "p90": 1237.7720500226133,
        "p95": 1483.311199976015,
        "p99": 2287.089590021062,
        "max": 2587.758300069254
    },
    "cross_encoder_calls_per_query": 0.32294617563739375,
    "candidates_reranked_per_query": 32.29461756373938
}