{
    "P-SAFE vs Dense": {
        "comparison": "B-P-SAFE vs Dense",
        "n_queries": 706,
        "mean_delta": 0.018162570485454926,
        "median_delta": 0.0,
        "std_delta": 0.1906760900939507,
        "baseline_mean": 0.4009488443936071,
        "system_mean": 0.41911141487906206,
        "wins": 100,
        "ties": 525,
        "losses": 81,
        "effect_size": {
            "cohens_d": 0.07504257791129927,
            "cohens_dz": 0.09518604513095631,
            "magnitude": "negligible"
        },
        "paired_ttest": {
            "t_statistic": 2.5291560905758175,
            "p_value": 0.011650632545394593,
            "significant": true
        },
        "wilcoxon": {
            "w_statistic": 6573.5,
            "p_value": 0.018512237509615025,
            "significant": true,
            "n_nonzero": 181
        },
        "bootstrap_ci": {
            "ci_low": 0.00422946910881125,
            "ci_high": 0.03220464110256391,
            "ci_level": 0.95,
            "significant": true,
            "n_bootstrap": 5000
        },
        "permutation_test": {
            "p_value": 0.011,
            "significant": true,
            "n_permutations": 2000
        },
        "easy_queries": {
            "n": 211,
            "baseline_mean": 0.6309297535714575,
            "system_mean": 0.6072471470096515,
            "mean_delta": -0.023682606561806072,
            "degradation": true,
            "improvement": false
        },
        "hard_queries": {
            "n": 495,
            "baseline_mean": 0.30291657805718997,
            "system_mean": 0.33891618360723497,
            "mean_delta": 0.035999605550044965,
            "degradation": false,
            "improvement": true
        }
    },
    "P-SAFE vs Hybrid": {
        "comparison": "B-P-SAFE vs Hybrid",
        "n_queries": 706,
        "mean_delta": 0.04076896220136458,
        "median_delta": 0.0,
        "std_delta": 0.26821723075118636,
        "baseline_mean": 0.37834245267769734,
        "system_mean": 0.41911141487906206,
        "wins": 215,
        "ties": 344,
        "losses": 147,
        "effect_size": {
            "cohens_d": 0.13993745746178102,
            "cohens_dz": 0.15189210123862598,
            "magnitude": "negligible"
        },
        "paired_ttest": {
            "t_statistic": 4.035873456340228,
            "p_value": 6.035218659584274e-05,
            "significant": true
        },
        "wilcoxon": {
            "w_statistic": 24848.5,
            "p_value": 5.84170895803271e-05,
            "significant": true,
            "n_nonzero": 362
        },
        "bootstrap_ci": {
            "ci_low": 0.021159771497839066,
            "ci_high": 0.060798566833273865,
            "ci_level": 0.95,
            "significant": true,
            "n_bootstrap": 5000
        },
        "permutation_test": {
            "p_value": 0.0,
            "significant": true,
            "n_permutations": 2000
        },
        "easy_queries": {
            "n": 211,
            "baseline_mean": 0.47883568444212987,
            "system_mean": 0.6072471470096515,
            "mean_delta": 0.12841146256752164,
            "degradation": false,
            "improvement": true
        },
        "hard_queries": {
            "n": 495,
            "baseline_mean": 0.3355059437841717,
            "system_mean": 0.33891618360723497,
            "mean_delta": 0.0034102398230632953,
            "degradation": false,
            "improvement": true
        }
    }
}