{
    "P-SAFE vs Dense": {
        "comparison": "B-P-SAFE vs Dense",
        "n_queries": 152,
        "mean_delta": 0.06367715058477996,
        "median_delta": 0.0,
        "std_delta": 0.2511049645767266,
        "baseline_mean": 0.6465710417012945,
        "system_mean": 0.7102481922860745,
        "wins": 32,
        "ties": 106,
        "losses": 14,
        "effect_size": {
            "cohens_d": 0.16286865963430444,
            "cohens_dz": 0.25275223342959163,
            "magnitude": "negligible"
        },
        "paired_ttest": {
            "t_statistic": 3.1161388140701165,
            "p_value": 0.002193745997111788,
            "significant": true
        },
        "wilcoxon": {
            "w_statistic": 276.5,
            "p_value": 0.003885439760135183,
            "significant": true,
            "n_nonzero": 46
        },
        "bootstrap_ci": {
            "ci_low": 0.024950286186810642,
            "ci_high": 0.10441399360430369,
            "ci_level": 0.95,
            "significant": true,
            "n_bootstrap": 5000
        },
        "permutation_test": {
            "p_value": 0.0025,
            "significant": true,
            "n_permutations": 2000
        },
        "easy_queries": {
            "n": 94,
            "baseline_mean": 0.9283663823461047,
            "system_mean": 0.9202781077001957,
            "mean_delta": -0.008088274645908906,
            "degradation": true,
            "improvement": false
        },
        "hard_queries": {
            "n": 58,
            "baseline_mean": 0.18986824824246434,
            "system_mean": 0.36985488109767106,
            "mean_delta": 0.17998663285520672,
            "degradation": false,
            "improvement": true
        }
    },
    "P-SAFE vs Hybrid": {
        "comparison": "B-P-SAFE vs Hybrid",
        "n_queries": 152,
        "mean_delta": -0.0227755365325689,
        "median_delta": 0.0,
        "std_delta": 0.1340088378773887,
        "baseline_mean": 0.7330237288186434,
        "system_mean": 0.7102481922860745,
        "wins": 4,
        "ties": 141,
        "losses": 7,
        "effect_size": {
            "cohens_d": -0.05991435282339129,
            "cohens_dz": -0.16939549461170705,
            "magnitude": "negligible"
        },
        "paired_ttest": {
            "t_statistic": -2.088447918048525,
            "p_value": 0.03843585020925569,
            "significant": true
        },
        "wilcoxon": {
            "w_statistic": 11.0,
            "p_value": 0.052734375,
            "significant": false,
            "n_nonzero": 11
        },
        "bootstrap_ci": {
            "ci_low": -0.04558156070978483,
            "ci_high": -0.003640849845005127,
            "ci_level": 0.95,
            "significant": true,
            "n_bootstrap": 5000
        },
        "permutation_test": {
            "p_value": 0.0375,
            "significant": true,
            "n_permutations": 2000
        },
        "easy_queries": {
            "n": 94,
            "baseline_mean": 0.9196599202184381,
            "system_mean": 0.9202781077001957,
            "mean_delta": 0.0006181874817574654,
            "degradation": false,
            "improvement": true
        },
        "hard_queries": {
            "n": 58,
            "baseline_mean": 0.4305443841362172,
            "system_mean": 0.36985488109767106,
            "mean_delta": -0.06068950303854612,
            "degradation": true,
            "improvement": false
        }
    }
}