{
    "Dense-only": {
        "mean_delta": 0.0,
        "p_value": 1.0,
        "cohens_dz": 0.0,
        "label": "protection mode",
        "is_significant": false
    },
    "Always-Hybrid": {
        "mean_delta": 0.024295359523602306,
        "p_value": 0.05810572280455229,
        "cohens_dz": 0.10548373371860886,
        "label": "positive but not significant",
        "is_significant": false
    },
    "Random": {
        "mean_delta": 0.01267619599566394,
        "p_value": 0.12426660674854613,
        "cohens_dz": 0.08548528309419202,
        "label": "positive but not significant",
        "is_significant": false
    },
    "Dense-margin": {
        "mean_delta": 0.015481148924198815,
        "p_value": 0.025287303706702374,
        "cohens_dz": 0.12466305252045459,
        "label": "significant improvement",
        "is_significant": true
    },
    "Dense-entropy": {
        "mean_delta": 0.02505093277076492,
        "p_value": 0.02588900058668394,
        "cohens_dz": 0.12415131780915012,
        "label": "significant improvement",
        "is_significant": true
    },
    "Regression-only": {
        "mean_delta": 0.028873907631760416,
        "p_value": 0.009770217209105186,
        "cohens_dz": 0.14418031002984244,
        "label": "significant improvement",
        "is_significant": true
    },
    "Classification-only": {
        "mean_delta": 0.024295359523602306,
        "p_value": 0.05810572280455229,
        "cohens_dz": 0.10548373371860886,
        "label": "positive but not significant",
        "is_significant": false
    },
    "Oracle": {
        "mean_delta": 0.08121618566841149,
        "p_value": 9.254860443696615e-17,
        "cohens_dz": 0.48731221799798385,
        "label": "significant improvement",
        "is_significant": true
    }
}