{
    "dense_ndcg": 0.40845084623035394,
    "psafe_ndcg": 0.4216747787633763,
    "oracle_ndcg": 0.4896670318987655,
    "dense_latency": 5.496369847454703,
    "psafe_latency": 499.1296067703157,
    "best_hybrid_name": "Deep Hybrid",
    "best_hybrid_ndcg": 0.43274620575395617,
    "best_hybrid_latency": 878.1834003078536,
    "quality_retention_vs_best_hybrid": 0.5442986970485322,
    "quality_retention_vs_hybrid": 0.5442986970485322,
    "latency_saving_vs_best_hybrid": 0.4316339769171882,
    "harm_avoidance": 0.04878411374259226,
    "recovery_capture": 0.5104324885690665,
    "oracle_gap": 0.0679922531353892,
    "oracle_gap_closed": 0.1628238561585846,
    "safe_gain": 0.0284933712568832,
    "taxonomy": "Selective escalation",
    "dataset": "fiqa",
    "hybrid_activation_rate": 0.4584615384615385,
    "p_value_vs_dense": 0.1462328896081042,
    "p_value_vs_hybrid": 0.22149402380449143,
    "seed": 42,
    "split_hash": "8656eb97"
}