{
    "dense_search": {
        "mean": 0.45599015160965234,
        "p50": 0.44600002001971006,
        "p90": 0.5473799770697951,
        "p95": 0.5674199666827917,
        "p99": 0.6560680177062748,
        "max": 0.7042000070214272
    },
    "bm25_search": {
        "mean": 174.5632609219935,
        "p50": 171.58779996680096,
        "p90": 263.1154400296509,
        "p95": 292.36768000992015,
        "p99": 333.8804080057888,
        "max": 453.9719999884255
    },
    "graph_expansion": {
        "mean": 0.016947385066976912,
        "p50": 0.01650000922381878,
        "p90": 0.018859992269426588,
        "p95": 0.020839995704591278,
        "p99": 0.023084001149982207,
        "max": 0.025800021830946207
    },
    "fusion": {
        "mean": 0.03328984728656136,
        "p50": 0.03309996100142598,
        "p90": 0.03650002181529999,
        "p95": 0.040240015368908644,
        "p99": 0.046332003548741334,
        "max": 0.05319999763742089
    },
    "cross_encoder": {
        "mean": 317.94898892376716,
        "p50": 0.0,
        "p90": 794.1479799686932,
        "p95": 863.4748400305398,
        "p99": 1049.7814600449055,
        "max": 1381.1820999835618
    },
    "router_decision": {
        "mean": 1.0506864624599426,
        "p50": 1.0267000179737806,
        "p90": 1.1009400011971593,
        "p95": 1.188880018889904,
        "p99": 1.4646000042557714,
        "max": 1.6800000448711216
    },
    "total": {
        "mean": 499.1296067703157,
        "p50": 270.2896000118926,
        "p90": 1009.4792600022629,
        "p95": 1083.1156200380065,
        "p99": 1283.0163080012426,
        "max": 1619.8004999314435
    },
    "cross_encoder_calls_per_query": 0.4584615384615385,
    "candidates_reranked_per_query": 45.84615384615385
}