{
    "Def_A": {
        "easy_count": 130,
        "hard_count": 195,
        "EasyDeg": 0.022427035567984976,
        "HardGain": 0.036991244600360546,
        "SafeGain": 0.014564209032375569
    },
    "Def_B": {
        "easy_count": 159,
        "hard_count": 166,
        "EasyDeg": 0.017495251507868903,
        "HardGain": 0.04264772929508061,
        "SafeGain": 0.025152477787211705
    },
    "Def_C": {
        "easy_count": 195,
        "hard_count": 130,
        "EasyDeg": 0.015543240239660472,
        "HardGain": 0.056374691692046654,
        "SafeGain": 0.04083145145238618
    }
}