{
    "dense_ndcg": 0.4145597851164451,
    "psafe_ndcg": 0.42914403153731584,
    "oracle_ndcg": 0.497049847921566,
    "dense_latency": 5.522981232497841,
    "psafe_latency": 246.246149539052,
    "best_hybrid_name": "Deep Hybrid",
    "best_hybrid_ndcg": 0.4524444793224622,
    "best_hybrid_latency": 854.3495575392333,
    "quality_retention_vs_best_hybrid": 0.3849640792020538,
    "quality_retention_vs_hybrid": 0.3849640792020538,
    "latency_saving_vs_best_hybrid": 0.7117735388682004,
    "harm_avoidance": 0.06205901662441331,
    "recovery_capture": 0.26208357607003413,
    "oracle_gap": 0.06790581638425014,
    "oracle_gap_closed": 0.1768000402099994,
    "safe_gain": 0.021477019438768917,
    "taxonomy": "Selective escalation",
    "dataset": "fiqa",
    "hybrid_activation_rate": 0.10461538461538461,
    "p_value_vs_dense": 0.03148541955822257,
    "p_value_vs_hybrid": 0.0255269222653234,
    "seed": 2026,
    "split_hash": "202ba547"
}