{
    "dense_search": {
        "mean": 0.45294584348224676,
        "p50": 0.4493999877013266,
        "p90": 0.5438800086267292,
        "p95": 0.5683800205588341,
        "p99": 0.6466439901851117,
        "max": 0.6720999954268336
    },
    "bm25_search": {
        "mean": 171.68126000001882,
        "p50": 169.27439998835325,
        "p90": 254.67151999473572,
        "p95": 269.34563998365775,
        "p99": 319.0803479962049,
        "max": 453.9719999884255
    },
    "graph_expansion": {
        "mean": 0.01690246182708786,
        "p50": 0.01650000922381878,
        "p90": 0.018600025214254856,
        "p95": 0.02006003633141518,
        "p99": 0.023300002794712782,
        "max": 0.025800021830946207
    },
    "fusion": {
        "mean": 0.03332215558307675,
        "p50": 0.03309996100142598,
        "p90": 0.036459986586123705,
        "p95": 0.03931996179744602,
        "p99": 0.047184010036289685,
        "max": 0.06719998782500625
    },
    "cross_encoder": {
        "mean": 67.92357692244248,
        "p50": 0.0,
        "p90": 390.43132001534264,
        "p95": 674.8968800064176,
        "p99": 769.4042439875191,
        "max": 1050.3667000448331
    },
    "router_decision": {
        "mean": 1.0472190777699535,
        "p50": 1.027699967380613,
        "p90": 1.081999996677041,
        "p95": 1.1682600132189693,
        "p99": 1.4521640120074153,
        "max": 1.5706000267527997
    },
    "total": {
        "mean": 246.246149539052,
        "p50": 190.4231999651529,
        "p90": 480.1082399906598,
        "p95": 784.4466600217858,
        "p99": 955.3171600005587,
        "max": 1170.658600050956
    },
    "cross_encoder_calls_per_query": 0.10461538461538461,
    "candidates_reranked_per_query": 10.461538461538462
}