{
    "Def_A": {
        "easy_count": 130,
        "hard_count": 195,
        "EasyDeg": 0.007590849044182502,
        "HardGain": 0.029367643397572973,
        "SafeGain": 0.021776794353390472
    },
    "Def_B": {
        "easy_count": 162,
        "hard_count": 163,
        "EasyDeg": 0.004263755955418835,
        "HardGain": 0.0333166168807415,
        "SafeGain": 0.029052860925322666
    },
    "Def_C": {
        "easy_count": 194,
        "hard_count": 131,
        "EasyDeg": 0.0019898753106613043,
        "HardGain": 0.03912912898512424,
        "SafeGain": 0.037139253674462934
    }
}