{
    "dense_ndcg": 0.3216919777727937,
    "psafe_ndcg": 0.34862320207479025,
    "oracle_ndcg": 0.37705782184879333,
    "dense_latency": 2.6192493861782604,
    "psafe_latency": 481.26479876364215,
    "best_hybrid_name": "Deep Hybrid",
    "best_hybrid_ndcg": 0.34768767454706023,
    "best_hybrid_latency": 711.2435821011192,
    "quality_retention_vs_best_hybrid": 1.0359877842803624,
    "quality_retention_vs_hybrid": 1.0359877842803624,
    "latency_saving_vs_best_hybrid": 0.32334742853929943,
    "harm_avoidance": 0.02883979791627613,
    "recovery_capture": 0.7875299889887998,
    "oracle_gap": 0.028434619774003078,
    "oracle_gap_closed": 0.48642307818930003,
    "safe_gain": 0.03603833334892092,
    "taxonomy": "Recovery / Selective-win",
    "dataset": "nfcorpus",
    "hybrid_activation_rate": 0.6728395061728395,
    "p_value_vs_dense": 0.0020000760822977883,
    "p_value_vs_hybrid": 0.8756718938857264,
    "seed": 123,
    "split_hash": "c5473b99"
}