{
    "dense_search": {
        "mean": 0.30714567760752953,
        "p50": 0.3065000055357814,
        "p90": 0.3356899949721992,
        "p95": 0.3412699792534113,
        "p99": 0.41305300779640564,
        "max": 0.5907000158913434
    },
    "bm25_search": {
        "mean": 3.423090742464051,
        "p50": 2.488100028131157,
        "p90": 6.594289967324586,
        "p95": 7.475520009757019,
        "p99": 8.422273002215661,
        "max": 8.567499986384064
    },
    "graph_expansion": {
        "mean": 0.00967530901601285,
        "p50": 0.00964998616836965,
        "p90": 0.010500021744519472,
        "p95": 0.010800024028867483,
        "p99": 0.01228501263540236,
        "max": 0.01379998866468668
    },
    "fusion": {
        "mean": 0.025251848669147786,
        "p50": 0.02540001878514886,
        "p90": 0.027490034699440002,
        "p95": 0.028484986978583034,
        "p99": 0.029511991888284673,
        "max": 0.031800009310245514
    },
    "cross_encoder": {
        "mean": 474.1042006180915,
        "p50": 611.7098999966402,
        "p90": 871.2169400125277,
        "p95": 899.8519950546324,
        "p99": 935.5074220284586,
        "max": 1126.7814999446273
    },
    "router_decision": {
        "mean": 1.037677158932144,
        "p50": 1.0243500000797212,
        "p90": 1.0664399771485478,
        "p95": 1.1208650423213837,
        "p99": 1.4850750059122217,
        "max": 1.5629000263288617
    },
    "total": {
        "mean": 481.26479876364215,
        "p50": 619.5632499875501,
        "p90": 876.6801999823657,
        "p95": 908.7078100186773,
        "p99": 941.4267250476404,
        "max": 1134.366400016006
    },
    "cross_encoder_calls_per_query": 0.6728395061728395,
    "candidates_reranked_per_query": 67.28395061728395
}