{
    "P-SAFE vs Dense": {
        "comparison": "B-P-SAFE vs Dense",
        "n_queries": 162,
        "mean_delta": 0.02693122430199654,
        "median_delta": 0.0,
        "std_delta": 0.10877188320052891,
        "baseline_mean": 0.3216919777727937,
        "system_mean": 0.34862320207479025,
        "wins": 47,
        "ties": 96,
        "losses": 19,
        "effect_size": {
            "cohens_d": 0.0842183997724711,
            "cohens_dz": 0.24682825909298534,
            "magnitude": "negligible"
        },
        "paired_ttest": {
            "t_statistic": 3.1416108442761606,
            "p_value": 0.0020000760822977883,
            "significant": true
        },
        "wilcoxon": {
            "w_statistic": 618.0,
            "p_value": 0.001844509142983815,
            "significant": true,
            "n_nonzero": 66
        },
        "bootstrap_ci": {
            "ci_low": 0.010563209406058793,
            "ci_high": 0.04348169308133619,
            "ci_level": 0.95,
            "significant": true,
            "n_bootstrap": 5000
        },
        "permutation_test": {
            "p_value": 0.002,
            "significant": true,
            "n_permutations": 2000
        },
        "easy_queries": {
            "n": 47,
            "baseline_mean": 0.7514002485176827,
            "system_mean": 0.7497509343534924,
            "mean_delta": -0.0016493141641902038,
            "degradation": true,
            "improvement": false
        },
        "hard_queries": {
            "n": 115,
            "baseline_mean": 0.14607207581618686,
            "system_mean": 0.1846840419261032,
            "mean_delta": 0.038611966109916344,
            "degradation": false,
            "improvement": true
        }
    },
    "P-SAFE vs Hybrid": {
        "comparison": "B-P-SAFE vs Hybrid",
        "n_queries": 162,
        "mean_delta": 0.000935527527730043,
        "median_delta": 0.0,
        "std_delta": 0.07574960357672661,
        "baseline_mean": 0.34768767454706023,
        "system_mean": 0.34862320207479025,
        "wins": 21,
        "ties": 122,
        "losses": 19,
        "effect_size": {
            "cohens_d": 0.002937949168868811,
            "cohens_dz": 0.0123120859164187,
            "magnitude": "negligible"
        },
        "paired_ttest": {
            "t_statistic": 0.15670726995691894,
            "p_value": 0.8756718938857264,
            "significant": false
        },
        "wilcoxon": {
            "w_statistic": 394.0,
            "p_value": 0.8367550107286661,
            "significant": false,
            "n_nonzero": 40
        },
        "bootstrap_ci": {
            "ci_low": -0.01064962863288401,
            "ci_high": 0.012749923846190942,
            "ci_level": 0.95,
            "significant": false,
            "n_bootstrap": 5000
        },
        "permutation_test": {
            "p_value": 0.8875,
            "significant": false,
            "n_permutations": 2000
        },
        "easy_queries": {
            "n": 47,
            "baseline_mean": 0.7330987669343416,
            "system_mean": 0.7497509343534924,
            "mean_delta": 0.01665216741915074,
            "degradation": false,
            "improvement": true
        },
        "hard_queries": {
            "n": 115,
            "baseline_mean": 0.19017183678877989,
            "system_mean": 0.1846840419261032,
            "mean_delta": -0.005487794862676677,
            "degradation": true,
            "improvement": false
        }
    }
}