{
    "dense_ndcg": 0.666403886890613,
    "psafe_ndcg": 0.6785101371384763,
    "oracle_ndcg": 0.7932442992086725,
    "dense_latency": 2.9394460522637114,
    "psafe_latency": 77.15801250129803,
    "best_hybrid_name": "Deep Hybrid",
    "best_hybrid_ndcg": 0.7522335844455849,
    "best_hybrid_latency": 710.9578967145736,
    "quality_retention_vs_best_hybrid": 0.14104966687211629,
    "quality_retention_vs_hybrid": 0.14104966687211629,
    "latency_saving_vs_best_hybrid": 0.891473161972242,
    "harm_avoidance": 0.044533376562164204,
    "recovery_capture": 0.13199802414437214,
    "oracle_gap": 0.11473416207019616,
    "oracle_gap_closed": 0.0954447405729506,
    "safe_gain": 0.034080750594864574,
    "taxonomy": "Hybrid-beneficial / P-SAFE under-treatment",
    "dataset": "scifact",
    "hybrid_activation_rate": 0.08552631578947369,
    "p_value_vs_dense": 0.12286834441629474,
    "p_value_vs_hybrid": 0.0014623161733487257,
    "seed": 123,
    "split_hash": "f801f136"
}