{
    "dense_search": {
        "mean": 0.3673394756716382,
        "p50": 0.37075000000186265,
        "p90": 0.40924003114923835,
        "p95": 0.4350999952293932,
        "p99": 0.4564980120630935,
        "max": 0.4917000187560916
    },
    "bm25_search": {
        "mean": 14.167625657328722,
        "p50": 14.171550021274015,
        "p90": 21.29964996711351,
        "p95": 22.944319978705607,
        "p99": 25.393921016948315,
        "max": 26.704699965193868
    },
    "graph_expansion": {
        "mean": 0.011715128493960947,
        "p50": 0.011200027074664831,
        "p90": 0.014000042574480176,
        "p95": 0.014499993994832039,
        "p99": 0.01708998519461603,
        "max": 0.01799996243789792
    },
    "fusion": {
        "mean": 0.02882763357391875,
        "p50": 0.028399983420968056,
        "p90": 0.03130000550299883,
        "p95": 0.03463500470388681,
        "p99": 0.041841027559712536,
        "max": 0.043199979700148106
    },
    "cross_encoder": {
        "mean": 58.90915131596174,
        "p50": 0.0,
        "p90": 0.0,
        "p95": 601.9394249800825,
        "p99": 753.8235719833756,
        "max": 1059.1570000397041
    },
    "router_decision": {
        "mean": 1.0663434215147343,
        "p50": 1.0247999744024128,
        "p90": 1.2027700198814273,
        "p95": 1.3394800043897697,
        "p99": 1.5837279841071,
        "max": 1.7002999666146934
    },
    "total": {
        "mean": 77.15801250129803,
        "p50": 18.92139998381026,
        "p90": 28.505670110462237,
        "p95": 614.703415025724,
        "p99": 766.0928549844539,
        "max": 1081.62200008519
    },
    "cross_encoder_calls_per_query": 0.08552631578947369,
    "candidates_reranked_per_query": 8.552631578947368
}