{
    "P-SAFE vs Dense": {
        "comparison": "B-P-SAFE vs Dense",
        "n_queries": 152,
        "mean_delta": 0.012106250247863125,
        "median_delta": 0.0,
        "std_delta": 0.09588224753823209,
        "baseline_mean": 0.666403886890613,
        "system_mean": 0.6785101371384763,
        "wins": 5,
        "ties": 143,
        "losses": 4,
        "effect_size": {
            "cohens_d": 0.031484586571988424,
            "cohens_dz": 0.1258456247224534,
            "magnitude": "negligible"
        },
        "paired_ttest": {
            "t_statistic": 1.5515290625029408,
            "p_value": 0.12286834441629474,
            "significant": false
        },
        "wilcoxon": {
            "w_statistic": 11.0,
            "p_value": 0.203125,
            "significant": false,
            "n_nonzero": 9
        },
        "bootstrap_ci": {
            "ci_low": -0.0013573797467819578,
            "ci_high": 0.028581346031862822,
            "ci_level": 0.95,
            "significant": false,
            "n_bootstrap": 5000
        },
        "permutation_test": {
            "p_value": 0.1185,
            "significant": false,
            "n_permutations": 2000
        },
        "easy_queries": {
            "n": 94,
            "baseline_mean": 0.9362595602564154,
            "system_mean": 0.9393541921070424,
            "mean_delta": 0.003094631850626913,
            "degradation": false,
            "improvement": true
        },
        "hard_queries": {
            "n": 58,
            "baseline_mean": 0.22905158867707123,
            "system_mean": 0.2557628756376965,
            "mean_delta": 0.02671128696062526,
            "degradation": false,
            "improvement": true
        }
    },
    "P-SAFE vs Hybrid": {
        "comparison": "B-P-SAFE vs Hybrid",
        "n_queries": 152,
        "mean_delta": -0.07372344730710868,
        "median_delta": 0.0,
        "std_delta": 0.2794636188512285,
        "baseline_mean": 0.7522335844455849,
        "system_mean": 0.6785101371384763,
        "wins": 18,
        "ties": 96,
        "losses": 38,
        "effect_size": {
            "cohens_d": -0.19515932585286058,
            "cohens_dz": -0.2629341739884252,
            "magnitude": "negligible"
        },
        "paired_ttest": {
            "t_statistic": -3.241670207986659,
            "p_value": 0.0014623161733487257,
            "significant": true
        },
        "wilcoxon": {
            "w_statistic": 417.0,
            "p_value": 0.0018589410241659319,
            "significant": true,
            "n_nonzero": 56
        },
        "bootstrap_ci": {
            "ci_low": -0.11790992736508273,
            "ci_high": -0.029789468687146547,
            "ci_level": 0.95,
            "significant": true,
            "n_bootstrap": 5000
        },
        "permutation_test": {
            "p_value": 0.0015,
            "significant": true,
            "n_permutations": 2000
        },
        "easy_queries": {
            "n": 94,
            "baseline_mean": 0.9328010998603445,
            "system_mean": 0.9393541921070424,
            "mean_delta": 0.006553092246697877,
            "degradation": false,
            "improvement": true
        },
        "hard_queries": {
            "n": 58,
            "baseline_mean": 0.45958968015269863,
            "system_mean": 0.2557628756376965,
            "mean_delta": -0.20382680451500207,
            "degradation": true,
            "improvement": false
        }
    }
}