{
  "easy_query_count": 94,
  "hard_query_count": 58,
  "hybrid_overtreatment_rate": 0.13829787234042554,
  "hybrid_overtreatment_severity": 0.0076634910018008665,
  "psafe_overtreatment_avoidance_rate": 1.0,
  "latency_avoidance": 0.9959370388246055,
  "harm_avoidance": 0.040042293509447546
}