{
  "P-SAFE vs Dense": {
    "comparison": "P-SAFE-AMSR vs Dense",
    "n_queries": 152,
    "mean_delta": -0.0012140468632517844,
    "median_delta": 0.0,
    "std_delta": 0.014918457618396616,
    "baseline_mean": 0.6465710417012945,
    "system_mean": 0.6453569948380428,
    "wins": 0,
    "ties": 151,
    "losses": 1,
    "effect_size": {
      "cohens_d": -0.0030381242634148625,
      "magnitude": "negligible"
    },
    "paired_ttest": {
      "t_statistic": -1.0,
      "p_value": 0.31891030699725664,
      "significant": false
    },
    "wilcoxon": {
      "w_statistic": 0.0,
      "p_value": 1.0,
      "significant": false,
      "n_nonzero": 1
    },
    "bootstrap_ci": {
      "ci_low": -0.0036421405897553534,
      "ci_high": 0.0,
      "ci_level": 0.95,
      "significant": false,
      "n_bootstrap": 1000
    },
    "permutation_test": {
      "p_value": 1.0,
      "significant": false,
      "n_permutations": 5000
    },
    "easy_queries": {
      "n": 94,
      "baseline_mean": 0.9283663823461047,
      "system_mean": 0.9283663823461047,
      "mean_delta": 0.0,
      "degradation": false,
      "improvement": false
    },
    "hard_queries": {
      "n": 58,
      "baseline_mean": 0.18986824824246434,
      "system_mean": 0.18668660818704588,
      "mean_delta": -0.0031816400554184696,
      "degradation": true,
      "improvement": false
    }
  },
  "P-SAFE vs Dense+BM25+CE": {
    "comparison": "P-SAFE-AMSR vs Dense+BM25+CE",
    "n_queries": 152,
    "mean_delta": -0.08805285806986937,
    "median_delta": 0.0,
    "std_delta": 0.26310949947401163,
    "baseline_mean": 0.7334098529079122,
    "system_mean": 0.6453569948380428,
    "wins": 15,
    "ties": 99,
    "losses": 38,
    "effect_size": {
      "cohens_d": -0.2265961840401287,
      "magnitude": "small"
    },
    "paired_ttest": {
      "t_statistic": -4.112400491107701,
      "p_value": 6.409905903477499e-05,
      "significant": true
    },
    "wilcoxon": {
      "w_statistic": 284.0,
      "p_value": 0.00013124542154004015,
      "significant": true,
      "n_nonzero": 53
    },
    "bootstrap_ci": {
      "ci_low": -0.1294363002514894,
      "ci_high": -0.04747579474205842,
      "ci_level": 0.95,
      "significant": true,
      "n_bootstrap": 1000
    },
    "permutation_test": {
      "p_value": 0.0,
      "significant": true,
      "n_permutations": 5000
    },
    "easy_queries": {
      "n": 94,
      "baseline_mean": 0.9254098253618218,
      "system_mean": 0.9283663823461047,
      "mean_delta": 0.0029565569842827373,
      "degradation": false,
      "improvement": true
    },
    "hard_queries": {
      "n": 58,
      "baseline_mean": 0.42223748375847214,
      "system_mean": 0.18668660818704588,
      "mean_delta": -0.23555087557142623,
      "degradation": true,
      "improvement": false
    }
  },
  "P-SAFE vs Deep Hybrid": {
    "comparison": "P-SAFE-AMSR vs Deep Hybrid",
    "n_queries": 152,
    "mean_delta": -0.08972354148838928,
    "median_delta": 0.0,
    "std_delta": 0.2784389341121063,
    "baseline_mean": 0.735080536326432,
    "system_mean": 0.6453569948380428,
    "wins": 19,
    "ties": 93,
    "losses": 40,
    "effect_size": {
      "cohens_d": -0.23157429862946402,
      "magnitude": "small"
    },
    "paired_ttest": {
      "t_statistic": -3.959724023222701,
      "p_value": 0.00011525643039186769,
      "significant": true
    },
    "wilcoxon": {
      "w_statistic": 394.5,
      "p_value": 0.00021094959653630377,
      "significant": true,
      "n_nonzero": 59
    },
    "bootstrap_ci": {
      "ci_low": -0.1334645577539248,
      "ci_high": -0.04565393996804752,
      "ci_level": 0.95,
      "significant": true,
      "n_bootstrap": 1000
    },
    "permutation_test": {
      "p_value": 0.0,
      "significant": true,
      "n_permutations": 5000
    },
    "easy_queries": {
      "n": 94,
      "baseline_mean": 0.9207028913443037,
      "system_mean": 0.9283663823461047,
      "mean_delta": 0.0076634910018008665,
      "degradation": false,
      "improvement": true
    },
    "hard_queries": {
      "n": 58,
      "baseline_mean": 0.4342443057802261,
      "system_mean": 0.18668660818704588,
      "mean_delta": -0.24755769759318025,
      "degradation": true,
      "improvement": false
    }
  },
  "P-SAFE vs Oracle": {
    "comparison": "P-SAFE-AMSR vs Oracle",
    "n_queries": 152,
    "mean_delta": -0.13450353921573263,
    "median_delta": 0.0,
    "std_delta": 0.2431387500756402,
    "baseline_mean": 0.7798605340537753,
    "system_mean": 0.6453569948380428,
    "wins": 0,
    "ties": 105,
    "losses": 47,
    "effect_size": {
      "cohens_d": -0.3607348980971564,
      "magnitude": "small"
    },
    "paired_ttest": {
      "t_statistic": -6.797794100850385,
      "p_value": 2.3100519960877535e-10,
      "significant": true
    },
    "wilcoxon": {
      "w_statistic": 0.0,
      "p_value": 2.3331818971707302e-09,
      "significant": true,
      "n_nonzero": 47
    },
    "bootstrap_ci": {
      "ci_low": -0.17152915932227206,
      "ci_high": -0.09804151808923454,
      "ci_level": 0.95,
      "significant": true,
      "n_bootstrap": 1000
    },
    "permutation_test": {
      "p_value": 0.0,
      "significant": true,
      "n_permutations": 5000
    },
    "easy_queries": {
      "n": 94,
      "baseline_mean": 0.9605921919008668,
      "system_mean": 0.9283663823461047,
      "mean_delta": -0.0322258095547621,
      "degradation": true,
      "improvement": false
    },
    "hard_queries": {
      "n": 58,
      "baseline_mean": 0.48695060581883415,
      "system_mean": 0.18668660818704588,
      "mean_delta": -0.30026399763178824,
      "degradation": true,
      "improvement": false
    }
  }
}