{
    "dense_ndcg": 0.39457959764510603,
    "psafe_ndcg": 0.39457959764510603,
    "oracle_ndcg": 0.5208719834484428,
    "dense_latency": 3.104022663500867,
    "psafe_latency": 265.68291147353943,
    "best_hybrid_name": "Deep Hybrid",
    "best_hybrid_ndcg": 0.39154463658829985,
    "best_hybrid_latency": 1182.9099640230913,
    "quality_retention_vs_best_hybrid": 0.0,
    "quality_retention_vs_hybrid": 0.0,
    "latency_saving_vs_best_hybrid": 0.7753988726496575,
    "harm_avoidance": 0.20359576404976407,
    "recovery_capture": 0.0,
    "oracle_gap": 0.12629238580333674,
    "oracle_gap_closed": 0.0,
    "safe_gain": 0.0,
    "taxonomy": "Protection / No-benefit",
    "dataset": "arguana",
    "hybrid_activation_rate": 0.0,
    "p_value_vs_dense": 1.0,
    "p_value_vs_hybrid": 0.8128099640574534,
    "seed": 42,
    "split_hash": "3a79a1e2"
}