{
    "dense_search": {
        "mean": 0.3066154385827186,
        "p50": 0.3074999840464443,
        "p90": 0.35260000731796026,
        "p95": 0.36617499426938593,
        "p99": 0.3884799894876778,
        "max": 0.43100002221763134
    },
    "bm25_search": {
        "mean": 261.42692719558164,
        "p50": 239.13420000462793,
        "p90": 396.8615499907173,
        "p95": 461.90845003002323,
        "p99": 649.1420250007654,
        "max": 1004.9814999802038
    },
    "graph_expansion": {
        "mean": 0.01334801656602969,
        "p50": 0.013200042303651571,
        "p90": 0.014300050679594278,
        "p95": 0.014875011402182281,
        "p99": 0.017800016212277114,
        "max": 0.020200037397444248
    },
    "fusion": {
        "mean": 0.03396827172192484,
        "p50": 0.03450002986937761,
        "p90": 0.0363999861292541,
        "p95": 0.03754999488592148,
        "p99": 0.04019501502625645,
        "max": 0.05099998088553548
    },
    "router_decision": {
        "mean": 1.0810491509231668,
        "p50": 1.0605499846860766,
        "p90": 1.1298500176053494,
        "p95": 1.2377249804558232,
        "p99": 1.540294970618561,
        "max": 1.7936999793164432
    },
    "total": {
        "mean": 265.68291147353943,
        "p50": 243.2023499859497,
        "p90": 400.98760003456846,
        "p95": 466.02892500231974,
        "p99": 653.1352199963299,
        "max": 1009.2762000276707
    },
    "cross_encoder_calls_per_query": 0.0,
    "candidates_reranked_per_query": 0.0
}