{
  "Dense+BM25_gain_brier": 0.15587098675676808,
  "Dense+BM25_gain_cal_curve": {
    "frac_pos": [
      0.3333333333333333,
      0.18493150684931506
    ],
    "mean_pred": [
      0.19821103439433188,
      0.2145527966556814
    ]
  },
  "Dense+BM25_gain_ece": 0.08237179437268388,
  "Dense+BM25_harm_brier": 0.13947090075816823,
  "Dense+BM25_harm_cal_curve": {
    "frac_pos": [
      0.14705882352941177,
      0.4375
    ],
    "mean_pred": [
      0.14594332949746802,
      0.2510785149161082
    ]
  },
  "Dense+BM25_harm_ece": 0.09376848955791776,
  "Dense+BM25+Graph_gain_brier": 0.13014201153588537,
  "Dense+BM25+Graph_gain_cal_curve": {
    "frac_pos": [
      0.10256410256410256,
      0.37142857142857144
    ],
    "mean_pred": [
      0.15911131837364526,
      0.253878571650657
    ]
  },
  "Dense+BM25+Graph_gain_ece": 0.08704860779372856,
  "Dense+BM25+Graph_harm_brier": 0.12610023803255768,
  "Dense+BM25+Graph_harm_cal_curve": {
    "frac_pos": [
      0.12686567164179105,
      0.35294117647058826,
      1.0
    ],
    "mean_pred": [
      0.13208769154414174,
      0.25184476084350316,
      0.405427031754312
    ]
  },
  "Dense+BM25+Graph_harm_ece": 0.23363046792504125,
  "Dense+BM25+CE_gain_brier": 0.17170956901266204,
  "Dense+BM25+CE_gain_cal_curve": {
    "frac_pos": [
      0.10144927536231885,
      0.3484848484848485,
      0.4666666666666667,
      0.5
    ],
    "mean_pred": [
      0.16403951691962385,
      0.2715960208842888,
      0.4419423443391178,
      0.6289905324965058
    ]
  },
  "Dense+BM25+CE_gain_ece": 0.07329848099547986,
  "Dense+BM25+CE_harm_brier": 0.09875445699982346,
  "Dense+BM25+CE_harm_cal_curve": {
    "frac_pos": [
      0.088,
      0.18518518518518517
    ],
    "mean_pred": [
      0.1593350583248003,
      0.25045759086485797
    ]
  },
  "Dense+BM25+CE_harm_ece": 0.06830373200223655,
  "Dense+BM25+Graph+CE_gain_brier": 0.17170956901266204,
  "Dense+BM25+Graph+CE_gain_cal_curve": {
    "frac_pos": [
      0.10144927536231885,
      0.3484848484848485,
      0.4666666666666667,
      0.5
    ],
    "mean_pred": [
      0.16403951691962385,
      0.2715960208842888,
      0.4419423443391178,
      0.6289905324965058
    ]
  },
  "Dense+BM25+Graph+CE_gain_ece": 0.07329848099547986,
  "Dense+BM25+Graph+CE_harm_brier": 0.09875445699982346,
  "Dense+BM25+Graph+CE_harm_cal_curve": {
    "frac_pos": [
      0.088,
      0.18518518518518517
    ],
    "mean_pred": [
      0.1593350583248003,
      0.25045759086485797
    ]
  },
  "Dense+BM25+Graph+CE_harm_ece": 0.06830373200223655,
  "Deep Hybrid_gain_brier": 0.17867670819154424,
  "Deep Hybrid_gain_cal_curve": {
    "frac_pos": [
      0.04,
      0.2818181818181818,
      0.47058823529411764
    ],
    "mean_pred": [
      0.18964556388911327,
      0.264068862963791,
      0.44613223739491886
    ]
  },
  "Deep Hybrid_gain_ece": 0.06395029354756761,
  "Deep Hybrid_harm_brier": 0.11213924820817762,
  "Deep Hybrid_harm_cal_curve": {
    "frac_pos": [
      0.112,
      0.18518518518518517
    ],
    "mean_pred": [
      0.1593350583248003,
      0.25045759086485797
    ]
  },
  "Deep Hybrid_harm_ece": 0.056303732002236546
}