{
  "Dense": {
    "method": "Dense",
    "safe_gain": 0.0,
    "easy_degradation_mean": -0.0,
    "easy_degradation_rate": 0.0,
    "hard_gain_mean": 0.0,
    "hard_gain_rate": 0.0,
    "net_ndcg_gain": 0.0,
    "dense_preservation_rate": 1.0,
    "missed_hard_query_rate": 1.0,
    "n_easy": 94,
    "n_hard": 58,
    "pct_routed_hybrid": 0.0,
    "pct_preserved_dense": 0.0
  },
  "Dense+BM25": {
    "method": "Dense+BM25",
    "safe_gain": 0.00733655591142128,
    "easy_degradation_mean": 0.11365621790621684,
    "easy_degradation_rate": 0.22340425531914893,
    "hard_gain_mean": 0.12099277381763812,
    "hard_gain_rate": 0.39655172413793105,
    "net_ndcg_gain": -0.026381189178623116,
    "dense_preservation_rate": 0.8157894736842105,
    "missed_hard_query_rate": 0.4827586206896552,
    "n_easy": 94,
    "n_hard": 58,
    "pct_routed_hybrid": 0.0,
    "pct_preserved_dense": 0.0
  },
  "Dense+Graph": {
    "method": "Dense+Graph",
    "safe_gain": 0.0,
    "easy_degradation_mean": -0.0,
    "easy_degradation_rate": 0.0,
    "hard_gain_mean": 0.0,
    "hard_gain_rate": 0.0,
    "net_ndcg_gain": 0.0,
    "dense_preservation_rate": 1.0,
    "missed_hard_query_rate": 1.0,
    "n_easy": 94,
    "n_hard": 58,
    "pct_routed_hybrid": 0.0,
    "pct_preserved_dense": 0.0
  },
  "Dense+BM25+Graph": {
    "method": "Dense+BM25+Graph",
    "safe_gain": 0.0031857519596217437,
    "easy_degradation_mean": 0.07736992546105816,
    "easy_degradation_rate": 0.20212765957446807,
    "hard_gain_mean": 0.0805556774206799,
    "hard_gain_rate": 0.3103448275862069,
    "net_ndcg_gain": -0.007707296576171075,
    "dense_preservation_rate": 0.8421052631578947,
    "missed_hard_query_rate": 0.603448275862069,
    "n_easy": 94,
    "n_hard": 58,
    "pct_routed_hybrid": 0.0,
    "pct_preserved_dense": 0.0
  },
  "Dense+BM25+CE": {
    "method": "Dense+BM25+CE",
    "safe_gain": 0.21048661077595282,
    "easy_degradation_mean": 0.03533535949192942,
    "easy_degradation_rate": 0.1276595744680851,
    "hard_gain_mean": 0.24582197026788224,
    "hard_gain_rate": 0.4827586206896552,
    "net_ndcg_gain": 0.08683881120661759,
    "dense_preservation_rate": 0.8947368421052632,
    "missed_hard_query_rate": 0.4482758620689655,
    "n_easy": 94,
    "n_hard": 58,
    "pct_routed_hybrid": 0.0,
    "pct_preserved_dense": 0.0
  },
  "Dense+BM25+Graph+CE": {
    "method": "Dense+BM25+Graph+CE",
    "safe_gain": 0.21048661077595282,
    "easy_degradation_mean": 0.03533535949192942,
    "easy_degradation_rate": 0.1276595744680851,
    "hard_gain_mean": 0.24582197026788224,
    "hard_gain_rate": 0.4827586206896552,
    "net_ndcg_gain": 0.08683881120661759,
    "dense_preservation_rate": 0.8947368421052632,
    "missed_hard_query_rate": 0.4482758620689655,
    "n_easy": 94,
    "n_hard": 58,
    "pct_routed_hybrid": 0.0,
    "pct_preserved_dense": 0.0
  },
  "Deep Hybrid": {
    "method": "Deep Hybrid",
    "safe_gain": 0.22625402069692085,
    "easy_degradation_mean": 0.040042293509447546,
    "easy_degradation_rate": 0.13829787234042554,
    "hard_gain_mean": 0.2662963142063684,
    "hard_gain_rate": 0.5172413793103449,
    "net_ndcg_gain": 0.0885094946251375,
    "dense_preservation_rate": 0.875,
    "missed_hard_query_rate": 0.3793103448275862,
    "n_easy": 94,
    "n_hard": 58,
    "pct_routed_hybrid": 0.0,
    "pct_preserved_dense": 0.0
  },
  "P-SAFE-AMSR": {
    "method": "P-SAFE-AMSR",
    "safe_gain": 0.05227800062939407,
    "easy_degradation_mean": 0.003750338893965595,
    "easy_degradation_rate": 0.031914893617021274,
    "hard_gain_mean": 0.056028339523359665,
    "hard_gain_rate": 0.13793103448275862,
    "net_ndcg_gain": 0.019543322877146486,
    "dense_preservation_rate": 0.9736842105263158,
    "missed_hard_query_rate": 0.8448275862068966,
    "n_easy": 94,
    "n_hard": 58,
    "pct_routed_hybrid": 0.13157894736842105,
    "pct_preserved_dense": 0.0,
    "avg_latency_ms": 78.17623552737611
  }
}