{
    "P-SAFE vs Dense": {
        "comparison": "B-P-SAFE vs Dense",
        "n_queries": 152,
        "mean_delta": 0.05568578165964962,
        "median_delta": 0.0,
        "std_delta": 0.2446933247719103,
        "baseline_mean": 0.6465710417012945,
        "system_mean": 0.7022568233609441,
        "wins": 29,
        "ties": 109,
        "losses": 14,
        "effect_size": {
            "cohens_d": 0.14167745963860137,
            "cohens_dz": 0.22682393369363207,
            "magnitude": "negligible"
        },
        "paired_ttest": {
            "t_statistic": 2.7964732661390643,
            "p_value": 0.005838804374136328,
            "significant": true
        },
        "wilcoxon": {
            "w_statistic": 260.0,
            "p_value": 0.010018057731658665,
            "significant": true,
            "n_nonzero": 43
        },
        "bootstrap_ci": {
            "ci_low": 0.019069399054041165,
            "ci_high": 0.09548111516763094,
            "ci_level": 0.95,
            "significant": true,
            "n_bootstrap": 5000
        },
        "permutation_test": {
            "p_value": 0.004,
            "significant": true,
            "n_permutations": 2000
        },
        "easy_queries": {
            "n": 94,
            "baseline_mean": 0.9283663823461047,
            "system_mean": 0.9202781077001957,
            "mean_delta": -0.008088274645908906,
            "degradation": true,
            "improvement": false
        },
        "hard_queries": {
            "n": 58,
            "baseline_mean": 0.18986824824246434,
            "system_mean": 0.34891198322491573,
            "mean_delta": 0.15904373498245136,
            "degradation": false,
            "improvement": true
        }
    },
    "P-SAFE vs Hybrid": {
        "comparison": "B-P-SAFE vs Hybrid",
        "n_queries": 152,
        "mean_delta": -0.03076690545769924,
        "median_delta": 0.0,
        "std_delta": 0.1471843894468763,
        "baseline_mean": 0.7330237288186434,
        "system_mean": 0.7022568233609441,
        "wins": 4,
        "ties": 138,
        "losses": 10,
        "effect_size": {
            "cohens_d": -0.08048528511124277,
            "cohens_dz": -0.20834771702699156,
            "magnitude": "negligible"
        },
        "paired_ttest": {
            "t_statistic": -2.5686831686556095,
            "p_value": 0.011178169769358558,
            "significant": true
        },
        "wilcoxon": {
            "w_statistic": 12.5,
            "p_value": 0.011931715346446877,
            "significant": true,
            "n_nonzero": 14
        },
        "bootstrap_ci": {
            "ci_low": -0.05623523313839648,
            "ci_high": -0.009578617126544516,
            "ci_level": 0.95,
            "significant": true,
            "n_bootstrap": 5000
        },
        "permutation_test": {
            "p_value": 0.008,
            "significant": true,
            "n_permutations": 2000
        },
        "easy_queries": {
            "n": 94,
            "baseline_mean": 0.9196599202184381,
            "system_mean": 0.9202781077001957,
            "mean_delta": 0.0006181874817574654,
            "degradation": false,
            "improvement": true
        },
        "hard_queries": {
            "n": 58,
            "baseline_mean": 0.4305443841362172,
            "system_mean": 0.34891198322491573,
            "mean_delta": -0.08163240091130151,
            "degradation": true,
            "improvement": false
        }
    }
}