{
    "dense_ndcg": 0.393605292125862,
    "psafe_ndcg": 0.393605292125862,
    "oracle_ndcg": 0.5032975337294701,
    "dense_latency": 3.111038527932287,
    "psafe_latency": 269.13200354364517,
    "best_hybrid_name": "Deep Hybrid",
    "best_hybrid_ndcg": 0.3763301398376518,
    "best_hybrid_latency": 1197.4845310214216,
    "quality_retention_vs_best_hybrid": 0.0,
    "quality_retention_vs_hybrid": 0.0,
    "latency_saving_vs_best_hybrid": 0.7752522086326386,
    "harm_avoidance": 0.189940837307062,
    "recovery_capture": 0.0,
    "oracle_gap": 0.10969224160360808,
    "oracle_gap_closed": 0.0,
    "safe_gain": 0.0,
    "taxonomy": "Protection / No-benefit",
    "dataset": "arguana",
    "hybrid_activation_rate": 0.0,
    "p_value_vs_dense": 1.0,
    "p_value_vs_hybrid": 0.1511222207902522,
    "seed": 123,
    "split_hash": "d0f51580"
}