{
    "dense_search": {
        "mean": 0.3055956091160593,
        "p50": 0.30514999525621533,
        "p90": 0.35275000846013427,
        "p95": 0.3659999929368496,
        "p99": 0.3968699951656164,
        "max": 0.43100002221763134
    },
    "bm25_search": {
        "mean": 264.89468711090643,
        "p50": 237.14185002609156,
        "p90": 391.0971999866888,
        "p95": 458.6178750178078,
        "p99": 735.7478549645753,
        "max": 1134.7182000172324
    },
    "graph_expansion": {
        "mean": 0.01333526958297231,
        "p50": 0.013199984095990658,
        "p90": 0.014299992471933365,
        "p95": 0.014899997040629387,
        "p99": 0.017895019846037034,
        "max": 0.03330002073198557
    },
    "fusion": {
        "mean": 0.034015155601824394,
        "p50": 0.03459997242316604,
        "p90": 0.0363999861292541,
        "p95": 0.0381499994546175,
        "p99": 0.043890040251426406,
        "max": 0.055500015150755644
    },
    "router_decision": {
        "mean": 1.0558582156225143,
        "p50": 1.0265999881085008,
        "p90": 1.1059500102419406,
        "p95": 1.2738499935949221,
        "p99": 1.5851800242671747,
        "max": 1.933799998369068
    },
    "total": {
        "mean": 269.13200354364517,
        "p50": 241.47030001040548,
        "p90": 395.3368999646045,
        "p95": 463.66812496853527,
        "p99": 740.8437200007033,
        "max": 1139.0412999899127
    },
    "cross_encoder_calls_per_query": 0.0,
    "candidates_reranked_per_query": 0.0
}