{
    "best_hybrid_name": "Deep Hybrid",
    "best_hybrid_ndcg": 0.35842647071129075,
    "best_hybrid_latency": 745.8953884183202,
    "quality_retention_vs_best_hybrid": 0.881306947278051,
    "quality_retention_vs_hybrid": 0.881306947278051,
    "latency_saving_vs_best_hybrid": 0.26503849457252493,
    "harm_avoidance": 0.009507141831363319,
    "recovery_capture": 0.8103014358386642,
    "oracle_gap": 0.03188697317459005,
    "oracle_gap_closed": 0.4500857477112384,
    "safe_gain": 0.02693835377563954,
    "taxonomy": "Selective escalation",
    "dataset": "nfcorpus",
    "hybrid_activation_rate": 0.75,
    "p_value_vs_dense": 0.004347238800373267,
    "p_value_vs_hybrid": 0.4420081126958943
}