{
  "Dense+BM25_gain_brier": 0.23351502567007967,
  "Dense+BM25_gain_cal_curve": {
    "frac_pos": [
      0.36419753086419754
    ],
    "mean_pred": [
      0.27540488645976113
    ]
  },
  "Dense+BM25_gain_ece": 0.0887926444044364,
  "Dense+BM25_harm_brier": 0.18538581496306236,
  "Dense+BM25_harm_cal_curve": {
    "frac_pos": [
      0.125,
      0.35135135135135137,
      0.30434782608695654,
      0.0
    ],
    "mean_pred": [
      0.14705770679039595,
      0.2831030944574284,
      0.49792645972720134,
      0.6806455181458592
    ]
  },
  "Dense+BM25_harm_ece": 0.24113252886760572,
  "Dense+BM25+Graph_gain_brier": 0.21803140462505555,
  "Dense+BM25+Graph_gain_cal_curve": {
    "frac_pos": [
      0.26229508196721313,
      0.4
    ],
    "mean_pred": [
      0.1788103709290802,
      0.21557058552062752
    ]
  },
  "Dense+BM25+Graph_gain_ece": 0.13395706275875272,
  "Dense+BM25+Graph_harm_brier": 0.14808737559927707,
  "Dense+BM25+Graph_harm_cal_curve": {
    "frac_pos": [
      0.1485148514851485,
      0.23076923076923078,
      0.2857142857142857,
      1.0
    ],
    "mean_pred": [
      0.10984562275057573,
      0.2830830434711759,
      0.4344011857300276,
      0.6344245812152121
    ]
  },
  "Dense+BM25+Graph_harm_ece": 0.15131134005926195,
  "Dense+BM25+CE_gain_brier": 0.2384233037213832,
  "Dense+BM25+CE_gain_cal_curve": {
    "frac_pos": [
      0.3925925925925926,
      0.4074074074074074
    ],
    "mean_pred": [
      0.3678325192591201,
      0.4088925959461747
    ]
  },
  "Dense+BM25+CE_gain_ece": 0.013122630936119928,
  "Dense+BM25+CE_harm_brier": 0.17834866838379757,
  "Dense+BM25+CE_harm_cal_curve": {
    "frac_pos": [
      0.21621621621621623,
      0.35714285714285715
    ],
    "mean_pred": [
      0.17289539594665165,
      0.21526278494573856
    ]
  },
  "Dense+BM25+CE_harm_ece": 0.09260044623334159,
  "Dense+BM25+Graph+CE_gain_brier": 0.2384233037213832,
  "Dense+BM25+Graph+CE_gain_cal_curve": {
    "frac_pos": [
      0.3925925925925926,
      0.4074074074074074
    ],
    "mean_pred": [
      0.3678325192591201,
      0.4088925959461747
    ]
  },
  "Dense+BM25+Graph+CE_gain_ece": 0.013122630936119928,
  "Dense+BM25+Graph+CE_harm_brier": 0.17834866838379757,
  "Dense+BM25+Graph+CE_harm_cal_curve": {
    "frac_pos": [
      0.21621621621621623,
      0.35714285714285715
    ],
    "mean_pred": [
      0.17289539594665165,
      0.21526278494573856
    ]
  },
  "Dense+BM25+Graph+CE_harm_ece": 0.09260044623334159,
  "Deep Hybrid_gain_brier": 0.23932090430615152,
  "Deep Hybrid_gain_cal_curve": {
    "frac_pos": [
      0.391304347826087,
      0.5
    ],
    "mean_pred": [
      0.3244243586855484,
      0.42760147820567834
    ]
  },
  "Deep Hybrid_gain_ece": 0.0696392554674301,
  "Deep Hybrid_harm_brier": 0.1689504448302215,
  "Deep Hybrid_harm_cal_curve": {
    "frac_pos": [
      0.22388059701492538,
      0.21052631578947367
    ],
    "mean_pred": [
      0.1832131201370463,
      0.22312477411157508
    ]
  },
  "Deep Hybrid_harm_ece": 0.026632967599990245
}