{
    "P-SAFE vs Dense": {
        "comparison": "B-P-SAFE vs Dense",
        "n_queries": 164,
        "mean_delta": 0.026098381890995923,
        "median_delta": 0.0,
        "std_delta": 0.11520425425282445,
        "baseline_mean": 0.3288131992267056,
        "system_mean": 0.3549115811177015,
        "wins": 56,
        "ties": 73,
        "losses": 35,
        "effect_size": {
            "cohens_d": 0.08618416873048014,
            "cohens_dz": 0.2258483608788202,
            "magnitude": "negligible"
        },
        "paired_ttest": {
            "t_statistic": 2.8922702270553087,
            "p_value": 0.004347238800373267,
            "significant": true
        },
        "wilcoxon": {
            "w_statistic": 1402.0,
            "p_value": 0.006239676777197176,
            "significant": true,
            "n_nonzero": 91
        },
        "bootstrap_ci": {
            "ci_low": 0.008294726604843008,
            "ci_high": 0.04398667398713284,
            "ci_level": 0.95,
            "significant": true,
            "n_bootstrap": 5000
        },
        "permutation_test": {
            "p_value": 0.003,
            "significant": true,
            "n_permutations": 2000
        },
        "easy_queries": {
            "n": 48,
            "baseline_mean": 0.7202308998254466,
            "system_mean": 0.7240427223635441,
            "mean_delta": 0.0038118225380974202,
            "degradation": false,
            "improvement": true
        },
        "hard_queries": {
            "n": 116,
            "baseline_mean": 0.16684725415136442,
            "system_mean": 0.2021676606021804,
            "mean_delta": 0.03532040645081599,
            "degradation": false,
            "improvement": true
        }
    },
    "P-SAFE vs Hybrid": {
        "comparison": "B-P-SAFE vs Hybrid",
        "n_queries": 164,
        "mean_delta": -0.0035148895935892626,
        "median_delta": 0.0,
        "std_delta": 0.058227406600843974,
        "baseline_mean": 0.35842647071129075,
        "system_mean": 0.3549115811177015,
        "wins": 10,
        "ties": 142,
        "losses": 12,
        "effect_size": {
            "cohens_d": -0.01154560420209052,
            "cohens_dz": -0.06018054531000594,
            "magnitude": "negligible"
        },
        "paired_ttest": {
            "t_statistic": -0.7706870165928497,
            "p_value": 0.4420081126958943,
            "significant": false
        },
        "wilcoxon": {
            "w_statistic": 114.0,
            "p_value": 0.7023849487304688,
            "significant": false,
            "n_nonzero": 22
        },
        "bootstrap_ci": {
            "ci_low": -0.012987881130525427,
            "ci_high": 0.00493815929746595,
            "ci_level": 0.95,
            "significant": false,
            "n_bootstrap": 5000
        },
        "permutation_test": {
            "p_value": 0.4725,
            "significant": false,
            "n_permutations": 2000
        },
        "easy_queries": {
            "n": 48,
            "baseline_mean": 0.7160484714725036,
            "system_mean": 0.7240427223635441,
            "mean_delta": 0.007994250891040324,
            "degradation": false,
            "improvement": true
        },
        "hard_queries": {
            "n": 116,
            "baseline_mean": 0.21044495315492673,
            "system_mean": 0.2021676606021804,
            "mean_delta": -0.00827729255274633,
            "degradation": true,
            "improvement": false
        }
    }
}