{
    "dense_ndcg": 0.31746671196276605,
    "psafe_ndcg": 0.31746671196276605,
    "oracle_ndcg": 0.3647287263631927,
    "dense_latency": 2.567813581539847,
    "psafe_latency": 7.182077776330213,
    "best_hybrid_name": "Deep Hybrid",
    "best_hybrid_ndcg": 0.3323495460279583,
    "best_hybrid_latency": 712.6546358009858,
    "quality_retention_vs_best_hybrid": 0.0,
    "quality_retention_vs_hybrid": 0.0,
    "latency_saving_vs_best_hybrid": 0.9899220780788749,
    "harm_avoidance": 0.03847436772752362,
    "recovery_capture": 0.0,
    "oracle_gap": 0.047262014400426655,
    "oracle_gap_closed": 0.0,
    "safe_gain": 0.0,
    "taxonomy": "Hybrid-beneficial / P-SAFE under-treatment",
    "dataset": "nfcorpus",
    "hybrid_activation_rate": 0.0,
    "p_value_vs_dense": 1.0,
    "p_value_vs_hybrid": 0.14095143973635535,
    "seed": 2026,
    "split_hash": "608d6e28"
}