{
    "dense_search": {
        "mean": 0.3085098772620161,
        "p50": 0.3063000040128827,
        "p90": 0.33632999984547496,
        "p95": 0.345155011746101,
        "p99": 0.42659500439185566,
        "max": 0.5907000158913434
    },
    "bm25_search": {
        "mean": 3.46877592735073,
        "p50": 2.6039000076707453,
        "p90": 6.700039986753838,
        "p95": 7.773995038587599,
        "p99": 8.54664399696048,
        "max": 9.136000007856637
    },
    "graph_expansion": {
        "mean": 0.009682715401904267,
        "p50": 0.009600014891475439,
        "p90": 0.010699965059757233,
        "p95": 0.01099497021641582,
        "p99": 0.012834016815759233,
        "max": 0.01379998866468668
    },
    "fusion": {
        "mean": 0.025356167936007732,
        "p50": 0.02549999044276774,
        "p90": 0.02770003047771752,
        "p95": 0.02890004252549261,
        "p99": 0.03125100512988864,
        "max": 0.031800009310245514
    },
    "router_decision": {
        "mean": 1.064715432693009,
        "p50": 1.0413999843876809,
        "p90": 1.1276199773419648,
        "p95": 1.220599998487159,
        "p99": 1.5137829689774658,
        "max": 1.6568999853916466
    },
    "total": {
        "mean": 7.182077776330213,
        "p50": 6.556700071087107,
        "p90": 10.739229997852819,
        "p95": 11.849725001957264,
        "p99": 12.479801941663027,
        "max": 12.622700014617294
    },
    "cross_encoder_calls_per_query": 0.0,
    "candidates_reranked_per_query": 0.0
}