{
    "dense_ndcg": 0.632779056975583,
    "psafe_ndcg": 0.6673848118305825,
    "oracle_ndcg": 0.7270460802302606,
    "dense_latency": 2.9453118431296104,
    "psafe_latency": 571.3481506605413,
    "best_hybrid_name": "Deep Hybrid",
    "best_hybrid_ndcg": 0.6803075952970614,
    "best_hybrid_latency": 705.1160578978995,
    "quality_retention_vs_best_hybrid": 0.7281047572077548,
    "quality_retention_vs_hybrid": 0.7281047572077548,
    "latency_saving_vs_best_hybrid": 0.18971048203915364,
    "harm_avoidance": 0.0013928697188452799,
    "recovery_capture": 0.8202176257716687,
    "oracle_gap": 0.05966126839967811,
    "oracle_gap_closed": 0.36710350725201596,
    "safe_gain": 0.10566807133707835,
    "taxonomy": "Selective escalation",
    "dataset": "scifact",
    "hybrid_activation_rate": 0.8092105263157895,
    "p_value_vs_dense": 0.0876987111958205,
    "p_value_vs_hybrid": 0.1141566437052991,
    "seed": 2026,
    "split_hash": "71b4e55b"
}