{
    "dense_search": {
        "mean": 0.36761973713414353,
        "p50": 0.36830001045018435,
        "p90": 0.40689996094442904,
        "p95": 0.4152800189331174,
        "p99": 0.4564470116747543,
        "max": 0.4917000187560916
    },
    "bm25_search": {
        "mean": 14.657398022551972,
        "p50": 13.995250017615035,
        "p90": 22.268499969504774,
        "p95": 23.29526500252541,
        "p99": 25.91848397511059,
        "max": 30.590999987907708
    },
    "graph_expansion": {
        "mean": 0.011653945732273553,
        "p50": 0.011200027074664831,
        "p90": 0.013699987903237343,
        "p95": 0.014444993576034902,
        "p99": 0.01806999265681955,
        "max": 0.020599982235580683
    },
    "fusion": {
        "mean": 0.028673027516465242,
        "p50": 0.028349983040243387,
        "p90": 0.031080003827810287,
        "p95": 0.03190501010976731,
        "p99": 0.040992021095007665,
        "max": 0.043199979700148106
    },
    "cross_encoder": {
        "mean": 552.6239907937309,
        "p50": 617.3427999892738,
        "p90": 827.8600800200365,
        "p95": 911.3446100323923,
        "p99": 1017.5892890017712,
        "max": 1065.1159000699408
    },
    "router_decision": {
        "mean": 1.0480697375513908,
        "p50": 1.025000005029142,
        "p90": 1.11791001399979,
        "p95": 1.221390045247972,
        "p99": 1.376095974701457,
        "max": 1.5187000390142202
    },
    "total": {
        "mean": 571.3481506605413,
        "p50": 632.2424499958288,
        "p90": 847.4199999647681,
        "p95": 930.636220006272,
        "p99": 1041.4688489964465,
        "max": 1092.2131001134403
    },
    "cross_encoder_calls_per_query": 0.8092105263157895,
    "candidates_reranked_per_query": 80.92105263157895
}