{
    "P-SAFE vs Dense": {
        "comparison": "B-P-SAFE vs Dense",
        "n_queries": 152,
        "mean_delta": 0.034605754854999525,
        "median_delta": 0.0,
        "std_delta": 0.24740553297418888,
        "baseline_mean": 0.632779056975583,
        "system_mean": 0.6673848118305825,
        "wins": 28,
        "ties": 100,
        "losses": 24,
        "effect_size": {
            "cohens_d": 0.08453860239359612,
            "cohens_dz": 0.13941374662827852,
            "magnitude": "negligible"
        },
        "paired_ttest": {
            "t_statistic": 1.7188081038434582,
            "p_value": 0.0876987111958205,
            "significant": false
        },
        "wilcoxon": {
            "w_statistic": 516.5,
            "p_value": 0.11554483392451645,
            "significant": false,
            "n_nonzero": 52
        },
        "bootstrap_ci": {
            "ci_low": -0.0033224082334743004,
            "ci_high": 0.07349550298068838,
            "ci_level": 0.95,
            "significant": false,
            "n_bootstrap": 5000
        },
        "permutation_test": {
            "p_value": 0.086,
            "significant": false,
            "n_permutations": 2000
        },
        "easy_queries": {
            "n": 94,
            "baseline_mean": 0.9233968927919943,
            "system_mean": 0.89270959940311,
            "mean_delta": -0.030687293388884394,
            "degradation": true,
            "improvement": false
        },
        "hard_queries": {
            "n": 58,
            "baseline_mean": 0.16177773685932983,
            "system_mean": 0.30220325955786537,
            "mean_delta": 0.14042552269853556,
            "degradation": false,
            "improvement": true
        }
    },
    "P-SAFE vs Hybrid": {
        "comparison": "B-P-SAFE vs Hybrid",
        "n_queries": 152,
        "mean_delta": -0.012922783466478887,
        "median_delta": 0.0,
        "std_delta": 0.09993698406766363,
        "baseline_mean": 0.6803075952970614,
        "system_mean": 0.6673848118305825,
        "wins": 1,
        "ties": 147,
        "losses": 4,
        "effect_size": {
            "cohens_d": -0.031897941142602595,
            "cohens_dz": -0.12888325861730116,
            "magnitude": "negligible"
        },
        "paired_ttest": {
            "t_statistic": -1.5889795283375265,
            "p_value": 0.1141566437052991,
            "significant": false
        },
        "wilcoxon": {
            "w_statistic": 1.5,
            "p_value": 0.1875,
            "significant": false,
            "n_nonzero": 5
        },
        "bootstrap_ci": {
            "ci_low": -0.031567035497337304,
            "ci_high": 0.0,
            "ci_level": 0.95,
            "significant": false,
            "n_bootstrap": 5000
        },
        "permutation_test": {
            "p_value": 0.171,
            "significant": false,
            "n_permutations": 2000
        },
        "easy_queries": {
            "n": 94,
            "baseline_mean": 0.8913167296842647,
            "system_mean": 0.89270959940311,
            "mean_delta": 0.0013928697188452929,
            "degradation": false,
            "improvement": true
        },
        "hard_queries": {
            "n": 58,
            "baseline_mean": 0.3383272740488352,
            "system_mean": 0.30220325955786537,
            "mean_delta": -0.0361240144909698,
            "degradation": true,
            "improvement": false
        }
    }
}