{
    "dense_ndcg": 0.6465710417012945,
    "psafe_ndcg": 0.6964820754872394,
    "oracle_ndcg": 0.7663060998155725,
    "dense_latency": 2.954368421725169,
    "psafe_latency": 467.1254671097574,
    "best_hybrid_name": "Deep Hybrid",
    "best_hybrid_ndcg": 0.7330237288186434,
    "best_hybrid_latency": 710.519526976369,
    "quality_retention_vs_best_hybrid": 0.5773219485728277,
    "quality_retention_vs_hybrid": 0.5773219485728277,
    "latency_saving_vs_best_hybrid": 0.3425578757875666,
    "harm_avoidance": 0.0027682656360186048,
    "recovery_capture": 0.6228051592940043,
    "oracle_gap": 0.06982402432833312,
    "oracle_gap_closed": 0.4168456137408693,
    "safe_gain": 0.12442973550662964,
    "taxonomy": "Selective escalation",
    "dataset": "scifact",
    "hybrid_activation_rate": 0.6381578947368421,
    "p_value_vs_dense": 0.011358120722639595,
    "p_value_vs_hybrid": 0.004704713554135287,
    "seed": 42,
    "split_hash": "9423e775"
}