{
    "dense_search": {
        "mean": 0.3674519730817625,
        "p50": 0.367750006262213,
        "p90": 0.41280000004917383,
        "p95": 0.4191700223600492,
        "p99": 0.4486840119352564,
        "max": 0.45629998203366995
    },
    "bm25_search": {
        "mean": 14.457892763235385,
        "p50": 13.897650002036244,
        "p90": 21.6181599535048,
        "p95": 23.29526500252541,
        "p99": 25.851058020489322,
        "max": 28.25399994617328
    },
    "graph_expansion": {
        "mean": 0.011523679667765177,
        "p50": 0.011000025551766157,
        "p90": 0.013699987903237343,
        "p95": 0.01463499502278864,
        "p99": 0.017795960884541277,
        "max": 0.019599974621087313
    },
    "fusion": {
        "mean": 0.028816450044120614,
        "p50": 0.028350012144073844,
        "p90": 0.031100003980100155,
        "p95": 0.033730024006217704,
        "p99": 0.041841027559712536,
        "max": 0.0447999918833375
    },
    "cross_encoder": {
        "mean": 448.58870131927114,
        "p50": 593.0314499710221,
        "p90": 846.9960600254127,
        "p95": 884.8266649001744,
        "p99": 1034.840273978771,
        "max": 1065.1159000699408
    },
    "router_decision": {
        "mean": 1.0509052655451294,
        "p50": 1.0269999911542982,
        "p90": 1.1001600010786206,
        "p95": 1.179355001659132,
        "p99": 1.443377027171665,
        "max": 1.566499995533377
    },
    "total": {
        "mean": 467.1254671097574,
        "p50": 612.4999500461854,
        "p90": 862.6485400542151,
        "p95": 905.9234299755187,
        "p99": 1056.4702790236336,
        "max": 1092.205700057093
    },
    "cross_encoder_calls_per_query": 0.6381578947368421,
    "candidates_reranked_per_query": 63.81578947368421
}