{
    "P-SAFE vs Dense": {
        "comparison": "B-P-SAFE vs Dense",
        "n_queries": 152,
        "mean_delta": 0.049911033785944824,
        "median_delta": 0.0,
        "std_delta": 0.239306239809767,
        "baseline_mean": 0.6465710417012945,
        "system_mean": 0.6964820754872394,
        "wins": 27,
        "ties": 111,
        "losses": 14,
        "effect_size": {
            "cohens_d": 0.12700553476913418,
            "cohens_dz": 0.20787833140818263,
            "magnitude": "negligible"
        },
        "paired_ttest": {
            "t_statistic": 2.562896194092853,
            "p_value": 0.011358120722639595,
            "significant": true
        },
        "wilcoxon": {
            "w_statistic": 252.0,
            "p_value": 0.020535109853924764,
            "significant": true,
            "n_nonzero": 41
        },
        "bootstrap_ci": {
            "ci_low": 0.013911041812639639,
            "ci_high": 0.08871206008606695,
            "ci_level": 0.95,
            "significant": true,
            "n_bootstrap": 5000
        },
        "permutation_test": {
            "p_value": 0.0075,
            "significant": true,
            "n_permutations": 2000
        },
        "easy_queries": {
            "n": 94,
            "baseline_mean": 0.9283663823461047,
            "system_mean": 0.9180324161029992,
            "mean_delta": -0.010333966243105303,
            "degradation": true,
            "improvement": false
        },
        "hard_queries": {
            "n": 58,
            "baseline_mean": 0.18986824824246434,
            "system_mean": 0.3374177303513525,
            "mean_delta": 0.14754948210888813,
            "degradation": false,
            "improvement": true
        }
    },
    "P-SAFE vs Hybrid": {
        "comparison": "B-P-SAFE vs Hybrid",
        "n_queries": 152,
        "mean_delta": -0.036541653331404036,
        "median_delta": 0.0,
        "std_delta": 0.15649823098554994,
        "baseline_mean": 0.7330237288186434,
        "system_mean": 0.6964820754872394,
        "wins": 4,
        "ties": 136,
        "losses": 12,
        "effect_size": {
            "cohens_d": -0.09560805597154623,
            "cohens_dz": -0.232726286680829,
            "magnitude": "negligible"
        },
        "paired_ttest": {
            "t_statistic": -2.8692423609485496,
            "p_value": 0.004704713554135287,
            "significant": true
        },
        "wilcoxon": {
            "w_statistic": 13.5,
            "p_value": 0.0047951027801978,
            "significant": true,
            "n_nonzero": 16
        },
        "bootstrap_ci": {
            "ci_low": -0.06295522338364791,
            "ci_high": -0.013480072128439272,
            "ci_level": 0.95,
            "significant": true,
            "n_bootstrap": 5000
        },
        "permutation_test": {
            "p_value": 0.0025,
            "significant": true,
            "n_permutations": 2000
        },
        "easy_queries": {
            "n": 94,
            "baseline_mean": 0.9196599202184381,
            "system_mean": 0.9180324161029992,
            "mean_delta": -0.0016275041154389333,
            "degradation": true,
            "improvement": false
        },
        "hard_queries": {
            "n": 58,
            "baseline_mean": 0.4305443841362172,
            "system_mean": 0.3374177303513525,
            "mean_delta": -0.09312665378486472,
            "degradation": true,
            "improvement": false
        }
    }
}