{
  "easy_query_count": 47,
  "hard_query_count": 115,
  "hybrid_overtreatment_rate": 0.40425531914893614,
  "hybrid_overtreatment_severity": 0.025504882176731573,
  "psafe_overtreatment_avoidance_rate": 1.0,
  "latency_avoidance": 0.999672852283247,
  "harm_avoidance": 0.0434379362647659
}