{
  "Dense": {
    "method": "Dense",
    "safe_gain": 0.0,
    "easy_degradation_mean": -0.0,
    "easy_degradation_rate": 0.0,
    "hard_gain_mean": 0.0,
    "hard_gain_rate": 0.0,
    "net_ndcg_gain": 0.0,
    "dense_preservation_rate": 1.0,
    "missed_hard_query_rate": 1.0,
    "n_easy": 47,
    "n_hard": 115,
    "pct_routed_hybrid": 0.0,
    "pct_preserved_dense": 0.0
  },
  "Dense+BM25": {
    "method": "Dense+BM25",
    "safe_gain": -0.028114634544957273,
    "easy_degradation_mean": 0.0820118340182268,
    "easy_degradation_rate": 0.3617021276595745,
    "hard_gain_mean": 0.05389719947326953,
    "hard_gain_rate": 0.40869565217391307,
    "net_ndcg_gain": 0.0038706282072956113,
    "dense_preservation_rate": 0.7345679012345679,
    "missed_hard_query_rate": 0.3652173913043478,
    "n_easy": 47,
    "n_hard": 115,
    "pct_routed_hybrid": 0.0,
    "pct_preserved_dense": 0.0
  },
  "Dense+Graph": {
    "method": "Dense+Graph",
    "safe_gain": 0.0,
    "easy_degradation_mean": -0.0,
    "easy_degradation_rate": 0.0,
    "hard_gain_mean": 0.0,
    "hard_gain_rate": 0.0,
    "net_ndcg_gain": 0.0,
    "dense_preservation_rate": 1.0,
    "missed_hard_query_rate": 1.0,
    "n_easy": 47,
    "n_hard": 115,
    "pct_routed_hybrid": 0.0,
    "pct_preserved_dense": 0.0
  },
  "Dense+BM25+Graph": {
    "method": "Dense+BM25+Graph",
    "safe_gain": -0.013035268658280669,
    "easy_degradation_mean": 0.036515135597932465,
    "easy_degradation_rate": 0.3829787234042553,
    "hard_gain_mean": 0.023479866939651796,
    "hard_gain_rate": 0.34782608695652173,
    "net_ndcg_gain": 0.0027034760381091875,
    "dense_preservation_rate": 0.7777777777777778,
    "missed_hard_query_rate": 0.4956521739130435,
    "n_easy": 47,
    "n_hard": 115,
    "pct_routed_hybrid": 0.0,
    "pct_preserved_dense": 0.0
  },
  "Dense+BM25+CE": {
    "method": "Dense+BM25+CE",
    "safe_gain": 0.03634115147118972,
    "easy_degradation_mean": 0.04179255757939588,
    "easy_degradation_rate": 0.3829787234042553,
    "hard_gain_mean": 0.0781337090505856,
    "hard_gain_rate": 0.45217391304347826,
    "net_ndcg_gain": 0.03361290244472969,
    "dense_preservation_rate": 0.7530864197530864,
    "missed_hard_query_rate": 0.3565217391304348,
    "n_easy": 47,
    "n_hard": 115,
    "pct_routed_hybrid": 0.0,
    "pct_preserved_dense": 0.0
  },
  "Dense+BM25+Graph+CE": {
    "method": "Dense+BM25+Graph+CE",
    "safe_gain": 0.03687642701939787,
    "easy_degradation_mean": 0.04179255757939588,
    "easy_degradation_rate": 0.3829787234042553,
    "hard_gain_mean": 0.07866898459879375,
    "hard_gain_rate": 0.45217391304347826,
    "net_ndcg_gain": 0.03393997647112457,
    "dense_preservation_rate": 0.7530864197530864,
    "missed_hard_query_rate": 0.3565217391304348,
    "n_easy": 47,
    "n_hard": 115,
    "pct_routed_hybrid": 0.0,
    "pct_preserved_dense": 0.0
  },
  "Deep Hybrid": {
    "method": "Deep Hybrid",
    "safe_gain": 0.035344717364608286,
    "easy_degradation_mean": 0.0434379362647659,
    "easy_degradation_rate": 0.40425531914893614,
    "hard_gain_mean": 0.07878265362937419,
    "hard_gain_rate": 0.4782608695652174,
    "net_ndcg_gain": 0.031267541214481526,
    "dense_preservation_rate": 0.7654320987654321,
    "missed_hard_query_rate": 0.3565217391304348,
    "n_easy": 47,
    "n_hard": 115,
    "pct_routed_hybrid": 0.0,
    "pct_preserved_dense": 0.0
  },
  "P-SAFE-AMSR": {
    "method": "P-SAFE-AMSR",
    "safe_gain": 0.0,
    "easy_degradation_mean": -0.0,
    "easy_degradation_rate": 0.0,
    "hard_gain_mean": 0.0,
    "hard_gain_rate": 0.0,
    "net_ndcg_gain": 0.0,
    "dense_preservation_rate": 1.0,
    "missed_hard_query_rate": 1.0,
    "n_easy": 47,
    "n_hard": 115,
    "pct_routed_hybrid": 0.0,
    "pct_preserved_dense": 0.0,
    "avg_latency_ms": 0.2410851854092246
  }
}