{
    "dense_ndcg": 0.393605292125862,
    "psafe_ndcg": 0.4057138711886417,
    "oracle_ndcg": 0.5032975337294701,
    "dense_latency": 3.111038527932287,
    "psafe_latency": 639.2966446195658,
    "best_hybrid_name": "Deep Hybrid",
    "best_hybrid_ndcg": 0.3763301398376518,
    "best_hybrid_latency": 1197.4845310214216,
    "quality_retention_vs_best_hybrid": 0.0,
    "quality_retention_vs_hybrid": 0.0,
    "latency_saving_vs_best_hybrid": 0.4661336927047708,
    "harm_avoidance": 0.13261166497364466,
    "recovery_capture": 0.45996261716930636,
    "oracle_gap": 0.09758366254082834,
    "oracle_gap_closed": 0.11038683215660942,
    "safe_gain": 0.0005711472218777394,
    "taxonomy": "Protection / No-benefit",
    "dataset": "arguana",
    "hybrid_activation_rate": 0.39660056657223797,
    "p_value_vs_dense": 0.09582244969680571,
    "p_value_vs_hybrid": 0.0021205299337239423,
    "seed": 123,
    "split_hash": "d0f51580"
}