{
    "dense_search": {
        "mean": 0.3055956091160593,
        "p50": 0.30514999525621533,
        "p90": 0.35275000846013427,
        "p95": 0.3659999929368496,
        "p99": 0.3968699951656164,
        "max": 0.43100002221763134
    },
    "bm25_search": {
        "mean": 264.89468711090643,
        "p50": 237.14185002609156,
        "p90": 391.0971999866888,
        "p95": 458.6178750178078,
        "p99": 735.7478549645753,
        "max": 1134.7182000172324
    },
    "graph_expansion": {
        "mean": 0.01333526958297231,
        "p50": 0.013199984095990658,
        "p90": 0.014299992471933365,
        "p95": 0.014899997040629387,
        "p99": 0.017895019846037034,
        "max": 0.03330002073198557
    },
    "fusion": {
        "mean": 0.034015155601824394,
        "p50": 0.03459997242316604,
        "p90": 0.0363999861292541,
        "p95": 0.0381499994546175,
        "p99": 0.043890040251426406,
        "max": 0.055500015150755644
    },
    "cross_encoder": {
        "mean": 370.17385708110436,
        "p50": 0.0,
        "p90": 1043.9529499853961,
        "p95": 1209.4689999648836,
        "p99": 1712.0670700503993,
        "max": 2917.8187000215985
    },
    "router_decision": {
        "mean": 1.0466422104387525,
        "p50": 1.0320000001229346,
        "p90": 1.0856500011868775,
        "p95": 1.135074970079586,
        "p99": 1.3619700213894264,
        "max": 1.6849000239744782
    },
    "total": {
        "mean": 639.2966446195658,
        "p50": 346.7396000633016,
        "p90": 1353.6844999471214,
        "p95": 1611.969624995254,
        "p99": 2415.4824749566674,
        "max": 4056.8689999636263
    },
    "cross_encoder_calls_per_query": 0.39660056657223797,
    "candidates_reranked_per_query": 39.6600566572238
}