{
    "Def_A": {
        "easy_count": 211,
        "hard_count": 495,
        "EasyDeg": 0.022346210586636106,
        "HardGain": 0.026795368186065982,
        "SafeGain": 0.004449157599429876
    },
    "Def_B": {
        "easy_count": 331,
        "hard_count": 375,
        "EasyDeg": 0.013204502839556875,
        "HardGain": 0.03445159268857523,
        "SafeGain": 0.021247089849018352
    },
    "Def_C": {
        "easy_count": 394,
        "hard_count": 312,
        "EasyDeg": 0.015175893654506889,
        "HardGain": 0.04656397089166056,
        "SafeGain": 0.03138807723715367
    }
}