{
    "dense_ndcg": 0.666403886890613,
    "psafe_ndcg": 0.7388413389174182,
    "oracle_ndcg": 0.7932442992086725,
    "dense_latency": 2.9394460522637114,
    "psafe_latency": 498.7065440811995,
    "best_hybrid_name": "Deep Hybrid",
    "best_hybrid_ndcg": 0.7522335844455849,
    "best_hybrid_latency": 710.9578967145736,
    "quality_retention_vs_best_hybrid": 0.8439672291797459,
    "quality_retention_vs_hybrid": 0.8439672291797459,
    "latency_saving_vs_best_hybrid": 0.29854278799660916,
    "harm_avoidance": 0.009245428153495133,
    "recovery_capture": 0.8478856579379908,
    "oracle_gap": 0.05440296029125424,
    "oracle_gap_closed": 0.5710912689653217,
    "safe_gain": 0.18813922709500963,
    "taxonomy": "Selective escalation",
    "dataset": "scifact",
    "hybrid_activation_rate": 0.6907894736842105,
    "p_value_vs_dense": 0.001357747830086699,
    "p_value_vs_hybrid": 0.15237947213986866,
    "seed": 123,
    "split_hash": "f801f136"
}