{
    "dense_search": {
        "mean": 0.3673394756716382,
        "p50": 0.37075000000186265,
        "p90": 0.40924003114923835,
        "p95": 0.4350999952293932,
        "p99": 0.4564980120630935,
        "max": 0.4917000187560916
    },
    "bm25_search": {
        "mean": 14.167625657328722,
        "p50": 14.171550021274015,
        "p90": 21.29964996711351,
        "p95": 22.944319978705607,
        "p99": 25.393921016948315,
        "max": 26.704699965193868
    },
    "graph_expansion": {
        "mean": 0.011715128493960947,
        "p50": 0.011200027074664831,
        "p90": 0.014000042574480176,
        "p95": 0.014499993994832039,
        "p99": 0.01708998519461603,
        "max": 0.01799996243789792
    },
    "fusion": {
        "mean": 0.02882763357391875,
        "p50": 0.028399983420968056,
        "p90": 0.03130000550299883,
        "p95": 0.03463500470388681,
        "p99": 0.041841027559712536,
        "max": 0.043199979700148106
    },
    "cross_encoder": {
        "mean": 480.51452236885734,
        "p50": 598.4101000067312,
        "p90": 828.4691599372309,
        "p95": 934.0901450166709,
        "p99": 1055.7972220162628,
        "max": 1065.1159000699408
    },
    "router_decision": {
        "mean": 1.0095039485206239,
        "p50": 0.9956000139936805,
        "p90": 1.024990004952997,
        "p95": 1.0889750061323864,
        "p99": 1.2608300009742384,
        "max": 1.6855999710969627
    },
    "total": {
        "mean": 498.7065440811995,
        "p50": 614.0917000302579,
        "p90": 847.1539599820971,
        "p95": 950.9907450265017,
        "p99": 1077.9077780165244,
        "max": 1092.1957000973634
    },
    "cross_encoder_calls_per_query": 0.6907894736842105,
    "candidates_reranked_per_query": 69.07894736842105
}