{
    "Def_A": {
        "easy_count": 94,
        "hard_count": 58,
        "EasyDeg": 0.00028938961416180575,
        "HardGain": 0.19030509192768266,
        "SafeGain": 0.19001570231352086
    },
    "Def_B": {
        "easy_count": 75,
        "hard_count": 77,
        "EasyDeg": 0.030884204604355925,
        "HardGain": 0.17307542926494907,
        "SafeGain": 0.14219122466059314
    },
    "Def_C": {
        "easy_count": 81,
        "hard_count": 71,
        "EasyDeg": 0.03264756103703215,
        "HardGain": 0.1923231711559717,
        "SafeGain": 0.15967561011893955
    }
}