{
    "P-SAFE vs Dense": {
        "comparison": "B-P-SAFE vs Dense",
        "n_queries": 152,
        "mean_delta": 0.07243745202680507,
        "median_delta": 0.0,
        "std_delta": 0.2726896166343362,
        "baseline_mean": 0.666403886890613,
        "system_mean": 0.7388413389174182,
        "wins": 35,
        "ties": 97,
        "losses": 20,
        "effect_size": {
            "cohens_d": 0.1905496992199135,
            "cohens_dz": 0.2647654084579011,
            "magnitude": "negligible"
        },
        "paired_ttest": {
            "t_statistic": 3.264247182799372,
            "p_value": 0.001357747830086699,
            "significant": true
        },
        "wilcoxon": {
            "w_statistic": 381.0,
            "p_value": 0.001105491456712936,
            "significant": true,
            "n_nonzero": 55
        },
        "bootstrap_ci": {
            "ci_low": 0.03000561712619732,
            "ci_high": 0.11625745170740596,
            "ci_level": 0.95,
            "significant": true,
            "n_bootstrap": 5000
        },
        "permutation_test": {
            "p_value": 0.001,
            "significant": true,
            "n_permutations": 2000
        },
        "easy_queries": {
            "n": 94,
            "baseline_mean": 0.9362595602564154,
            "system_mean": 0.9359701706422536,
            "mean_delta": -0.0002893896141618967,
            "degradation": true,
            "improvement": false
        },
        "hard_queries": {
            "n": 58,
            "baseline_mean": 0.22905158867707123,
            "system_mean": 0.4193566806047539,
            "mean_delta": 0.19030509192768258,
            "degradation": false,
            "improvement": true
        }
    },
    "P-SAFE vs Hybrid": {
        "comparison": "B-P-SAFE vs Hybrid",
        "n_queries": 152,
        "mean_delta": -0.013392245528166728,
        "median_delta": 0.0,
        "std_delta": 0.11440657286935837,
        "baseline_mean": 0.7522335844455849,
        "system_mean": 0.7388413389174182,
        "wins": 2,
        "ties": 142,
        "losses": 8,
        "effect_size": {
            "cohens_d": -0.035873584340429046,
            "cohens_dz": -0.1166726618804446,
            "magnitude": "negligible"
        },
        "paired_ttest": {
            "t_statistic": -1.438437181318955,
            "p_value": 0.15237947213986866,
            "significant": false
        },
        "wilcoxon": {
            "w_statistic": 15.0,
            "p_value": 0.220703125,
            "significant": false,
            "n_nonzero": 10
        },
        "bootstrap_ci": {
            "ci_low": -0.032265807495263754,
            "ci_high": 0.0034065048995323716,
            "ci_level": 0.95,
            "significant": false,
            "n_bootstrap": 5000
        },
        "permutation_test": {
            "p_value": 0.1625,
            "significant": false,
            "n_permutations": 2000
        },
        "easy_queries": {
            "n": 94,
            "baseline_mean": 0.9328010998603445,
            "system_mean": 0.9359701706422536,
            "mean_delta": 0.003169070781909068,
            "degradation": false,
            "improvement": true
        },
        "hard_queries": {
            "n": 58,
            "baseline_mean": 0.45958968015269863,
            "system_mean": 0.4193566806047539,
            "mean_delta": -0.04023299954794475,
            "degradation": true,
            "improvement": false
        }
    }
}