{
    "dense_ndcg": 0.666403886890613,
    "psafe_ndcg": 0.7355518652332077,
    "oracle_ndcg": 0.7932442992086725,
    "dense_latency": 2.9394460522637114,
    "psafe_latency": 456.31864408182753,
    "best_hybrid_name": "Deep Hybrid",
    "best_hybrid_ndcg": 0.7522335844455849,
    "best_hybrid_latency": 710.9578967145736,
    "quality_retention_vs_best_hybrid": 0.8056416405091849,
    "quality_retention_vs_hybrid": 0.8056416405091849,
    "latency_saving_vs_best_hybrid": 0.3581636181403516,
    "harm_avoidance": 0.009245428153495133,
    "recovery_capture": 0.7826988436436879,
    "oracle_gap": 0.05769243397546475,
    "oracle_gap_closed": 0.5451573128696732,
    "safe_gain": 0.1708978477846648,
    "taxonomy": "Selective escalation",
    "dataset": "scifact",
    "hybrid_activation_rate": 0.631578947368421,
    "p_value_vs_dense": 0.0016246778074372544,
    "p_value_vs_hybrid": 0.1256891899224581,
    "seed": 123,
    "split_hash": "f801f136"
}