{
    "dense_search": {
        "mean": 0.3673394756716382,
        "p50": 0.37075000000186265,
        "p90": 0.40924003114923835,
        "p95": 0.4350999952293932,
        "p99": 0.4564980120630935,
        "max": 0.4917000187560916
    },
    "bm25_search": {
        "mean": 14.167625657328722,
        "p50": 14.171550021274015,
        "p90": 21.29964996711351,
        "p95": 22.944319978705607,
        "p99": 25.393921016948315,
        "max": 26.704699965193868
    },
    "graph_expansion": {
        "mean": 0.011715128493960947,
        "p50": 0.011200027074664831,
        "p90": 0.014000042574480176,
        "p95": 0.014499993994832039,
        "p99": 0.01708998519461603,
        "max": 0.01799996243789792
    },
    "fusion": {
        "mean": 0.02882763357391875,
        "p50": 0.028399983420968056,
        "p90": 0.03130000550299883,
        "p95": 0.03463500470388681,
        "p99": 0.041841027559712536,
        "max": 0.043199979700148106
    },
    "cross_encoder": {
        "mean": 438.10928158046937,
        "p50": 582.791199994972,
        "p90": 819.2706400761381,
        "p95": 934.0901450166709,
        "p99": 1055.7972220162628,
        "max": 1065.1159000699408
    },
    "router_decision": {
        "mean": 1.026844737536617,
        "p50": 1.0050499986391515,
        "p90": 1.0823299817275256,
        "p95": 1.183035018038936,
        "p99": 1.2252059899037708,
        "max": 1.4417999773286283
    },
    "total": {
        "mean": 456.31864408182753,
        "p50": 599.1601999849081,
        "p90": 839.9492700467817,
        "p95": 951.006315043196,
        "p99": 1077.960849062074,
        "max": 1092.1835000626743
    },
    "cross_encoder_calls_per_query": 0.631578947368421,
    "candidates_reranked_per_query": 63.1578947368421
}