{
    "dense_search": {
        "mean": 0.3052882733036201,
        "p50": 0.3069999802391976,
        "p90": 0.32977000810205936,
        "p95": 0.3387800185009837,
        "p99": 0.3581980045419184,
        "max": 0.38679997669532895
    },
    "bm25_search": {
        "mean": 3.497141356620202,
        "p50": 2.632949996041134,
        "p90": 6.923119956627488,
        "p95": 7.773995038587599,
        "p99": 8.576703988364898,
        "max": 8.692800009157509
    },
    "graph_expansion": {
        "mean": 0.009719136510228302,
        "p50": 0.009600014891475439,
        "p90": 0.010690023191273212,
        "p95": 0.011594971874728797,
        "p99": 0.01366798765957354,
        "max": 0.015400000847876072
    },
    "fusion": {
        "mean": 0.0253524649227153,
        "p50": 0.025300018023699522,
        "p90": 0.027990032685920596,
        "p95": 0.028995046159252524,
        "p99": 0.03161700791679322,
        "max": 0.034999975468963385
    },
    "cross_encoder": {
        "mean": 567.1169697547786,
        "p50": 636.4927500253543,
        "p90": 886.2323899578769,
        "p95": 916.7615200363797,
        "p99": 962.6473709527633,
        "max": 1126.7814999446273
    },
    "router_decision": {
        "mean": 1.0278617264702916,
        "p50": 1.0169000015594065,
        "p90": 1.0599799803458154,
        "p95": 1.087585018831305,
        "p99": 1.3458969799103195,
        "max": 1.611199986655265
    },
    "total": {
        "mean": 574.2797271580648,
        "p50": 646.4789999881759,
        "p90": 895.1314199366607,
        "p95": 922.7823700057343,
        "p99": 972.6819489320039,
        "max": 1134.409200050868
    },
    "cross_encoder_calls_per_query": 0.7962962962962963,
    "candidates_reranked_per_query": 79.62962962962963
}