{
    "P-SAFE vs Dense": {
        "comparison": "B-P-SAFE vs Dense",
        "n_queries": 162,
        "mean_delta": 0.0286873144179162,
        "median_delta": 0.0,
        "std_delta": 0.14432069907586953,
        "baseline_mean": 0.3338768214476023,
        "system_mean": 0.3625641358655185,
        "wins": 55,
        "ties": 75,
        "losses": 32,
        "effect_size": {
            "cohens_d": 0.09309946476823759,
            "cohens_dz": 0.1981603224368677,
            "magnitude": "negligible"
        },
        "paired_ttest": {
            "t_statistic": 2.5221691396299946,
            "p_value": 0.012634386444856307,
            "significant": true
        },
        "wilcoxon": {
            "w_statistic": 1292.0,
            "p_value": 0.008474747005068372,
            "significant": true,
            "n_nonzero": 87
        },
        "bootstrap_ci": {
            "ci_low": 0.007088449244137212,
            "ci_high": 0.05196871917659312,
            "ci_level": 0.95,
            "significant": true,
            "n_bootstrap": 5000
        },
        "permutation_test": {
            "p_value": 0.01,
            "significant": true,
            "n_permutations": 2000
        },
        "easy_queries": {
            "n": 47,
            "baseline_mean": 0.7462526661790008,
            "system_mean": 0.7207366005997956,
            "mean_delta": -0.025516065579205046,
            "degradation": true,
            "improvement": false
        },
        "hard_queries": {
            "n": 115,
            "baseline_mean": 0.16534060664433517,
            "system_mean": 0.21618060680020523,
            "mean_delta": 0.050840000155870105,
            "degradation": false,
            "improvement": true
        }
    },
    "P-SAFE vs Hybrid": {
        "comparison": "B-P-SAFE vs Hybrid",
        "n_queries": 162,
        "mean_delta": -0.0006318118041879357,
        "median_delta": 0.0,
        "std_delta": 0.04595581671457024,
        "baseline_mean": 0.3631959476697065,
        "system_mean": 0.3625641358655185,
        "wins": 9,
        "ties": 142,
        "losses": 11,
        "effect_size": {
            "cohens_d": -0.0020695231550435515,
            "cohens_dz": -0.013705745956552192,
            "magnitude": "negligible"
        },
        "paired_ttest": {
            "t_statistic": -0.17444566632776687,
            "p_value": 0.8617343964269824,
            "significant": false
        },
        "wilcoxon": {
            "w_statistic": 93.0,
            "p_value": 0.6742229461669922,
            "significant": false,
            "n_nonzero": 20
        },
        "bootstrap_ci": {
            "ci_low": -0.007486957854646858,
            "ci_high": 0.006604594190069272,
            "ci_level": 0.95,
            "significant": false,
            "n_bootstrap": 5000
        },
        "permutation_test": {
            "p_value": 0.8905,
            "significant": false,
            "n_permutations": 2000
        },
        "easy_queries": {
            "n": 47,
            "baseline_mean": 0.7168319286647798,
            "system_mean": 0.7207366005997956,
            "mean_delta": 0.0039046719350157824,
            "degradation": false,
            "improvement": true
        },
        "hard_queries": {
            "n": 115,
            "baseline_mean": 0.21866645978476337,
            "system_mean": 0.21618060680020523,
            "mean_delta": -0.0024858529845581514,
            "degradation": true,
            "improvement": false
        }
    }
}