{
    "dense_ndcg": 0.5156863067380812,
    "psafe_ndcg": 0.7143404853379357,
    "oracle_ndcg": 0.8103270518287397,
    "dense_latency": 4.3153439994785,
    "psafe_latency": 843.6163319996558,
    "best_hybrid_name": "Deep Hybrid",
    "best_hybrid_ndcg": 0.800416800239336,
    "best_hybrid_latency": 1032.072971999587,
    "quality_retention_vs_best_hybrid": 0.6976919688406293,
    "quality_retention_vs_hybrid": 0.6976919688406293,
    "latency_saving_vs_best_hybrid": 0.18260011172931545,
    "harm_avoidance": 0.004291705212856538,
    "recovery_capture": 0.6969467667683784,
    "oracle_gap": 0.09598656649080395,
    "oracle_gap_closed": 0.6742250754855045,
    "safe_gain": 0.3319671755373329,
    "taxonomy": "Selective escalation",
    "dataset": "trec-covid",
    "hybrid_activation_rate": 0.64,
    "p_value_vs_dense": 0.0005126212115586915,
    "p_value_vs_hybrid": 0.031532078494458944,
    "seed": 2026,
    "split_hash": "589790cd"
}