{
    "dense_search": {
        "mean": 0.46487600018735975,
        "p50": 0.46490000022458844,
        "p90": 0.5137599997397047,
        "p95": 0.5168399999092799,
        "p99": 0.5868640006519852,
        "max": 0.6088000009185635
    },
    "bm25_search": {
        "mean": 518.5166320001008,
        "p50": 533.3176999993157,
        "p90": 614.7663600007945,
        "p95": 657.3834799994073,
        "p99": 935.2464920014602,
        "max": 1020.2033000023221
    },
    "graph_expansion": {
        "mean": 0.01935200023581274,
        "p50": 0.018799997633323073,
        "p90": 0.019660000543808565,
        "p95": 0.021059999562567096,
        "p99": 0.03029200059245338,
        "max": 0.03310000101919286
    },
    "fusion": {
        "mean": 0.0311520004470367,
        "p50": 0.030100000003585592,
        "p90": 0.032640001154504716,
        "p95": 0.03920000162906943,
        "p99": 0.04383999970741569,
        "max": 0.04479999915929511
    },
    "cross_encoder": {
        "mean": 319.6581919993332,
        "p50": 433.2481999990705,
        "p90": 581.812880000507,
        "p95": 613.4867999979177,
        "p99": 618.9328360011859,
        "max": 619.2427000023599
    },
    "router_decision": {
        "mean": 1.0636519998661242,
        "p50": 1.0254000007989816,
        "p90": 1.1227399998460896,
        "p95": 1.3359799981117242,
        "p99": 1.3900439992721658,
        "max": 1.391699999658158
    },
    "total": {
        "mean": 843.6163319996558,
        "p50": 957.252400003199,
        "p90": 1124.4217200001003,
        "p95": 1153.425439997227,
        "p99": 1185.3000399991288,
        "max": 1194.2565999997896
    },
    "cross_encoder_calls_per_query": 0.64,
    "candidates_reranked_per_query": 64.0
}