{
    "P-SAFE vs Dense": {
        "comparison": "B-P-SAFE vs Dense",
        "n_queries": 25,
        "mean_delta": 0.19865417859985435,
        "median_delta": 0.1388624438735545,
        "std_delta": 0.24264086667620963,
        "baseline_mean": 0.5156863067380812,
        "system_mean": 0.7143404853379357,
        "wins": 14,
        "ties": 9,
        "losses": 2,
        "effect_size": {
            "cohens_d": 0.7139365639580967,
            "cohens_dz": 0.8021754612189091,
            "magnitude": "medium"
        },
        "paired_ttest": {
            "t_statistic": 4.010877306094545,
            "p_value": 0.0005126212115586915,
            "significant": true
        },
        "wilcoxon": {
            "w_statistic": 5.0,
            "p_value": 0.00030517578125,
            "significant": true,
            "n_nonzero": 16
        },
        "bootstrap_ci": {
            "ci_low": 0.1059377217092117,
            "ci_high": 0.2988626485213418,
            "ci_level": 0.95,
            "significant": true,
            "n_bootstrap": 5000
        },
        "permutation_test": {
            "p_value": 0.0005,
            "significant": true,
            "n_permutations": 2000
        },
        "easy_queries": {
            "n": 15,
            "baseline_mean": 0.711118623673404,
            "system_mean": 0.8127472171352843,
            "mean_delta": 0.10162859346188033,
            "degradation": false,
            "improvement": true
        },
        "hard_queries": {
            "n": 10,
            "baseline_mean": 0.2225378313350972,
            "system_mean": 0.5667303876419125,
            "mean_delta": 0.3441925563068154,
            "degradation": false,
            "improvement": true
        }
    },
    "P-SAFE vs Hybrid": {
        "comparison": "B-P-SAFE vs Hybrid",
        "n_queries": 25,
        "mean_delta": -0.08607631490140054,
        "median_delta": 0.0,
        "std_delta": 0.18464805054426403,
        "baseline_mean": 0.800416800239336,
        "system_mean": 0.7143404853379357,
        "wins": 2,
        "ties": 16,
        "losses": 7,
        "effect_size": {
            "cohens_d": -0.35607943807800224,
            "cohens_dz": -0.45674579249784586,
            "magnitude": "small"
        },
        "paired_ttest": {
            "t_statistic": -2.283728962489229,
            "p_value": 0.031532078494458944,
            "significant": true
        },
        "wilcoxon": {
            "w_statistic": 4.0,
            "p_value": 0.02734375,
            "significant": true,
            "n_nonzero": 9
        },
        "bootstrap_ci": {
            "ci_low": -0.16570139466427355,
            "ci_high": -0.022876910395926386,
            "ci_level": 0.95,
            "significant": true,
            "n_bootstrap": 5000
        },
        "permutation_test": {
            "p_value": 0.025,
            "significant": true,
            "n_permutations": 2000
        },
        "easy_queries": {
            "n": 15,
            "baseline_mean": 0.85643095172273,
            "system_mean": 0.8127472171352843,
            "mean_delta": -0.04368373458744565,
            "degradation": true,
            "improvement": false
        },
        "hard_queries": {
            "n": 10,
            "baseline_mean": 0.7163955730142454,
            "system_mean": 0.5667303876419125,
            "mean_delta": -0.1496651853723329,
            "degradation": true,
            "improvement": false
        }
    }
}