{
    "dense_ndcg": 0.632779056975583,
    "psafe_ndcg": 0.6737286479286403,
    "oracle_ndcg": 0.7270460802302606,
    "dense_latency": 2.9453118431296104,
    "psafe_latency": 599.7922394702695,
    "best_hybrid_name": "Deep Hybrid",
    "best_hybrid_ndcg": 0.6803075952970614,
    "best_hybrid_latency": 705.1160578978995,
    "quality_retention_vs_best_hybrid": 0.8615790091434798,
    "quality_retention_vs_hybrid": 0.8615790091434798,
    "latency_saving_vs_best_hybrid": 0.14937089752518573,
    "harm_avoidance": 0.0013928697188452799,
    "recovery_capture": 0.9029582231025941,
    "oracle_gap": 0.05331743230162034,
    "oracle_gap_closed": 0.4343999581107524,
    "safe_gain": 0.12229329697336784,
    "taxonomy": "Selective escalation",
    "dataset": "scifact",
    "hybrid_activation_rate": 0.8486842105263158,
    "p_value_vs_dense": 0.04863996079903144,
    "p_value_vs_hybrid": 0.3270925051105377,
    "seed": 2026,
    "split_hash": "71b4e55b"
}