{
    "dense_search": {
        "mean": 0.36761973713414353,
        "p50": 0.36830001045018435,
        "p90": 0.40689996094442904,
        "p95": 0.4152800189331174,
        "p99": 0.4564470116747543,
        "max": 0.4917000187560916
    },
    "bm25_search": {
        "mean": 14.657398022551972,
        "p50": 13.995250017615035,
        "p90": 22.268499969504774,
        "p95": 23.29526500252541,
        "p99": 25.91848397511059,
        "max": 30.590999987907708
    },
    "graph_expansion": {
        "mean": 0.011653945732273553,
        "p50": 0.011200027074664831,
        "p90": 0.013699987903237343,
        "p95": 0.014444993576034902,
        "p99": 0.01806999265681955,
        "max": 0.020599982235580683
    },
    "fusion": {
        "mean": 0.028673027516465242,
        "p50": 0.028349983040243387,
        "p90": 0.031080003827810287,
        "p95": 0.03190501010976731,
        "p99": 0.040992021095007665,
        "max": 0.043199979700148106
    },
    "cross_encoder": {
        "mean": 581.039260529475,
        "p50": 620.7086000358686,
        "p90": 831.7589699814562,
        "p95": 934.0901450166709,
        "p99": 1040.963853002177,
        "max": 1065.1159000699408
    },
    "router_decision": {
        "mean": 1.0768888115355941,
        "p50": 1.0397000005468726,
        "p90": 1.209340017521754,
        "p95": 1.2637699721381066,
        "p99": 1.4287799980957065,
        "max": 2.301100001204759
    },
    "total": {
        "mean": 599.7922394702695,
        "p50": 643.736549973255,
        "p90": 850.4616000165697,
        "p95": 954.124789999332,
        "p99": 1066.5823979763086,
        "max": 1092.241800040938
    },
    "cross_encoder_calls_per_query": 0.8486842105263158,
    "candidates_reranked_per_query": 84.86842105263158
}