{
    "dense_ndcg": 0.393605292125862,
    "psafe_ndcg": 0.4083442474239015,
    "oracle_ndcg": 0.5032975337294701,
    "dense_latency": 3.111038527932287,
    "psafe_latency": 631.9820859806517,
    "best_hybrid_name": "Deep Hybrid",
    "best_hybrid_ndcg": 0.3763301398376518,
    "best_hybrid_latency": 1197.4845310214216,
    "quality_retention_vs_best_hybrid": 0.0,
    "quality_retention_vs_hybrid": 0.0,
    "latency_saving_vs_best_hybrid": 0.472241962539935,
    "harm_avoidance": 0.13885962653643613,
    "recovery_capture": 0.4570575745655558,
    "oracle_gap": 0.09495328630556854,
    "oracle_gap_closed": 0.1343664336015787,
    "safe_gain": 0.006453420598716071,
    "taxonomy": "Protection / No-benefit",
    "dataset": "arguana",
    "hybrid_activation_rate": 0.386685552407932,
    "p_value_vs_dense": 0.038647663311998474,
    "p_value_vs_hybrid": 0.0009205485794627515,
    "seed": 123,
    "split_hash": "d0f51580"
}