{
    "dense_search": {
        "mean": 0.3055956091160593,
        "p50": 0.30514999525621533,
        "p90": 0.35275000846013427,
        "p95": 0.3659999929368496,
        "p99": 0.3968699951656164,
        "max": 0.43100002221763134
    },
    "bm25_search": {
        "mean": 264.89468711090643,
        "p50": 237.14185002609156,
        "p90": 391.0971999866888,
        "p95": 458.6178750178078,
        "p99": 735.7478549645753,
        "max": 1134.7182000172324
    },
    "graph_expansion": {
        "mean": 0.01333526958297231,
        "p50": 0.013199984095990658,
        "p90": 0.014299992471933365,
        "p95": 0.014899997040629387,
        "p99": 0.017895019846037034,
        "max": 0.03330002073198557
    },
    "fusion": {
        "mean": 0.034015155601824394,
        "p50": 0.03459997242316604,
        "p90": 0.0363999861292541,
        "p95": 0.0381499994546175,
        "p99": 0.043890040251426406,
        "max": 0.055500015150755644
    },
    "cross_encoder": {
        "mean": 362.8678345600461,
        "p50": 0.0,
        "p90": 1041.447799972957,
        "p95": 1215.3953249944607,
        "p99": 1725.4644500004365,
        "max": 2917.8187000215985
    },
    "router_decision": {
        "mean": 1.0381060925829448,
        "p50": 1.0249500046484172,
        "p90": 1.0768499923869967,
        "p95": 1.123474954511039,
        "p99": 1.4103049936238703,
        "max": 1.9147000275552273
    },
    "total": {
        "mean": 631.9820859806517,
        "p50": 343.23685005074367,
        "p90": 1345.8954000670929,
        "p95": 1624.844674995984,
        "p99": 2423.8908448664006,
        "max": 4056.8596000084653
    },
    "cross_encoder_calls_per_query": 0.386685552407932,
    "candidates_reranked_per_query": 38.668555240793204
}