{
    "Def_A": {
        "easy_count": 211,
        "hard_count": 495,
        "EasyDeg": 0.016098249023844602,
        "HardGain": 0.027883702998883098,
        "SafeGain": 0.011785453975038496
    },
    "Def_B": {
        "easy_count": 331,
        "hard_count": 375,
        "EasyDeg": 0.007711089275360572,
        "HardGain": 0.034554861308160434,
        "SafeGain": 0.026843772032799862
    },
    "Def_C": {
        "easy_count": 394,
        "hard_count": 312,
        "EasyDeg": 0.009467780842774887,
        "HardGain": 0.04530771824509355,
        "SafeGain": 0.03583993740231867
    }
}