{
    "dense_ndcg": 0.5616730289097961,
    "psafe_ndcg": 0.7682747057890055,
    "oracle_ndcg": 0.824279430865628,
    "dense_latency": 4.210079999756999,
    "psafe_latency": 1030.6327119993512,
    "best_hybrid_name": "Deep Hybrid",
    "best_hybrid_ndcg": 0.7952189710510489,
    "best_hybrid_latency": 1048.8136119992123,
    "quality_retention_vs_best_hybrid": 0.8846297006276092,
    "quality_retention_vs_hybrid": 0.8846297006276092,
    "latency_saving_vs_best_hybrid": 0.017334729252040604,
    "harm_avoidance": 0.0,
    "recovery_capture": 0.8620681381671754,
    "oracle_gap": 0.056004725076622575,
    "oracle_gap_closed": 0.7867351113319695,
    "safe_gain": 0.3725671156932784,
    "taxonomy": "Selective escalation",
    "dataset": "trec-covid",
    "hybrid_activation_rate": 0.96,
    "p_value_vs_dense": 0.0008766631712855068,
    "p_value_vs_hybrid": 0.32728688127978506,
    "seed": 123,
    "split_hash": "7806e4f6"
}