{
    "dense_search": {
        "mean": 0.46002799994312227,
        "p50": 0.46490000022458844,
        "p90": 0.53185999931884,
        "p95": 0.5349799983378034,
        "p99": 0.5405679992691148,
        "max": 0.5421999994723592
    },
    "bm25_search": {
        "mean": 533.0901480003376,
        "p50": 533.3176999993157,
        "p90": 739.754820000235,
        "p95": 859.0747000002009,
        "p99": 902.3229999990143,
        "max": 910.4307999987213
    },
    "graph_expansion": {
        "mean": 0.019884000503225252,
        "p50": 0.01920000067912042,
        "p90": 0.023679999139858413,
        "p95": 0.025720000121509653,
        "p99": 0.02795199980027973,
        "max": 0.028599999495781958
    },
    "fusion": {
        "mean": 0.03208000009180978,
        "p50": 0.030399998649954796,
        "p90": 0.03800000049523078,
        "p95": 0.039200000901473686,
        "p99": 0.050699999264907064,
        "max": 0.054299998737405986
    },
    "cross_encoder": {
        "mean": 492.1271039986459,
        "p50": 489.0064999999595,
        "p90": 647.1341599979497,
        "p95": 765.0671200004577,
        "p99": 796.8961119986488,
        "max": 799.1727999979048
    },
    "router_decision": {
        "mean": 1.147128000156954,
        "p50": 1.05249999978696,
        "p90": 1.4501599995128345,
        "p95": 1.5579999999317802,
        "p99": 1.6267719997267702,
        "max": 1.6410999996878672
    },
    "total": {
        "mean": 1030.6327119993512,
        "p50": 1037.5252000012551,
        "p90": 1358.1201199973293,
        "p95": 1432.6464799996754,
        "p99": 1457.97024399988,
        "max": 1460.9388999997464
    },
    "cross_encoder_calls_per_query": 0.96,
    "candidates_reranked_per_query": 96.0
}