{
    "P-SAFE vs Dense": {
        "comparison": "B-P-SAFE vs Dense",
        "n_queries": 25,
        "mean_delta": 0.20660167687920936,
        "median_delta": 0.21222636597291455,
        "std_delta": 0.26649957294491766,
        "baseline_mean": 0.5616730289097961,
        "system_mean": 0.7682747057890055,
        "wins": 17,
        "ties": 1,
        "losses": 7,
        "effect_size": {
            "cohens_d": 0.7131423325193281,
            "cohens_dz": 0.7595789858350372,
            "magnitude": "medium"
        },
        "paired_ttest": {
            "t_statistic": 3.797894929175187,
            "p_value": 0.0008766631712855068,
            "significant": true
        },
        "wilcoxon": {
            "w_statistic": 46.0,
            "p_value": 0.0020009279251098633,
            "significant": true,
            "n_nonzero": 24
        },
        "bootstrap_ci": {
            "ci_low": 0.10370589693830388,
            "ci_high": 0.3120335053755429,
            "ci_level": 0.95,
            "significant": true,
            "n_bootstrap": 5000
        },
        "permutation_test": {
            "p_value": 0.0015,
            "significant": true,
            "n_permutations": 2000
        },
        "easy_queries": {
            "n": 15,
            "baseline_mean": 0.798096754205185,
            "system_mean": 0.8617654054143716,
            "mean_delta": 0.06366865120918651,
            "degradation": false,
            "improvement": true
        },
        "hard_queries": {
            "n": 10,
            "baseline_mean": 0.20703744096671262,
            "system_mean": 0.6280386563509562,
            "mean_delta": 0.4210012153842436,
            "degradation": false,
            "improvement": true
        }
    },
    "P-SAFE vs Hybrid": {
        "comparison": "B-P-SAFE vs Hybrid",
        "n_queries": 25,
        "mean_delta": -0.02694426526204341,
        "median_delta": 0.0,
        "std_delta": 0.13199940277240887,
        "baseline_mean": 0.7952189710510489,
        "system_mean": 0.7682747057890055,
        "wins": 0,
        "ties": 24,
        "losses": 1,
        "effect_size": {
            "cohens_d": -0.1155886172021832,
            "cohens_dz": -0.2,
            "magnitude": "negligible"
        },
        "paired_ttest": {
            "t_statistic": -0.9999999999999999,
            "p_value": 0.32728688127978506,
            "significant": false
        },
        "wilcoxon": {
            "w_statistic": 0.0,
            "p_value": 1.0,
            "significant": false,
            "n_nonzero": 1
        },
        "bootstrap_ci": {
            "ci_low": -0.08083279578613023,
            "ci_high": 0.0,
            "ci_level": 0.95,
            "significant": false,
            "n_bootstrap": 5000
        },
        "permutation_test": {
            "p_value": 1.0,
            "significant": false,
            "n_permutations": 2000
        },
        "easy_queries": {
            "n": 15,
            "baseline_mean": 0.8617654054143716,
            "system_mean": 0.8617654054143716,
            "mean_delta": 0.0,
            "degradation": false,
            "improvement": false
        },
        "hard_queries": {
            "n": 10,
            "baseline_mean": 0.6953993195060648,
            "system_mean": 0.6280386563509562,
            "mean_delta": -0.06736066315510852,
            "degradation": true,
            "improvement": false
        }
    }
}