{
    "dense_ndcg": 0.31746671196276605,
    "psafe_ndcg": 0.3297697315506948,
    "oracle_ndcg": 0.3647287263631927,
    "dense_latency": 2.567813581539847,
    "psafe_latency": 500.58907036522953,
    "best_hybrid_name": "Deep Hybrid",
    "best_hybrid_ndcg": 0.3323495460279583,
    "best_hybrid_latency": 712.6546358009858,
    "quality_retention_vs_best_hybrid": 0.8266583860329968,
    "quality_retention_vs_hybrid": 0.8266583860329968,
    "latency_saving_vs_best_hybrid": 0.2975712986100285,
    "harm_avoidance": 0.020318056168648006,
    "recovery_capture": 0.8209724657772671,
    "oracle_gap": 0.03495899481249792,
    "oracle_gap_closed": 0.26031517581310853,
    "safe_gain": 0.02829288941153528,
    "taxonomy": "Selective escalation",
    "dataset": "nfcorpus",
    "hybrid_activation_rate": 0.691358024691358,
    "p_value_vs_dense": 0.15818546460199517,
    "p_value_vs_hybrid": 0.6154778485116535,
    "seed": 2026,
    "split_hash": "608d6e28"
}