{
    "dense_search": {
        "mean": 0.3085098772620161,
        "p50": 0.3063000040128827,
        "p90": 0.33632999984547496,
        "p95": 0.345155011746101,
        "p99": 0.42659500439185566,
        "max": 0.5907000158913434
    },
    "bm25_search": {
        "mean": 3.46877592735073,
        "p50": 2.6039000076707453,
        "p90": 6.700039986753838,
        "p95": 7.773995038587599,
        "p99": 8.54664399696048,
        "max": 9.136000007856637
    },
    "graph_expansion": {
        "mean": 0.009682715401904267,
        "p50": 0.009600014891475439,
        "p90": 0.010699965059757233,
        "p95": 0.01099497021641582,
        "p99": 0.012834016815759233,
        "max": 0.01379998866468668
    },
    "fusion": {
        "mean": 0.025356167936007732,
        "p50": 0.02549999044276774,
        "p90": 0.02770003047771752,
        "p95": 0.02890004252549261,
        "p99": 0.03125100512988864,
        "max": 0.031800009310245514
    },
    "cross_encoder": {
        "mean": 493.43065802226374,
        "p50": 623.8034999696538,
        "p90": 874.2284000094514,
        "p95": 899.8519950546324,
        "p99": 962.177914928761,
        "max": 1126.7814999446273
    },
    "router_decision": {
        "mean": 1.041049999328629,
        "p50": 1.018200011458248,
        "p90": 1.0895599785726517,
        "p95": 1.1886550288181752,
        "p99": 1.4689930027816436,
        "max": 1.5819999971427023
    },
    "total": {
        "mean": 500.58907036522953,
        "p50": 632.5252499955241,
        "p90": 879.4773300178349,
        "p95": 905.390504974639,
        "p99": 971.4646299398734,
        "max": 1134.3900000210851
    },
    "cross_encoder_calls_per_query": 0.691358024691358,
    "candidates_reranked_per_query": 69.1358024691358
}