{
    "P-SAFE vs Dense": {
        "comparison": "B-P-SAFE vs Dense",
        "n_queries": 162,
        "mean_delta": 0.012303019587928713,
        "median_delta": 0.0,
        "std_delta": 0.11010667795318985,
        "baseline_mean": 0.31746671196276605,
        "system_mean": 0.3297697315506948,
        "wins": 41,
        "ties": 91,
        "losses": 30,
        "effect_size": {
            "cohens_d": 0.04044092786564753,
            "cohens_dz": 0.11139186789106466,
            "magnitude": "negligible"
        },
        "paired_ttest": {
            "t_statistic": 1.4177870127865415,
            "p_value": 0.15818546460199517,
            "significant": false
        },
        "wilcoxon": {
            "w_statistic": 1049.0,
            "p_value": 0.18947546321907738,
            "significant": false,
            "n_nonzero": 71
        },
        "bootstrap_ci": {
            "ci_low": -0.004914012018512621,
            "ci_high": 0.02944620800279912,
            "ci_level": 0.95,
            "significant": false,
            "n_bootstrap": 5000
        },
        "permutation_test": {
            "p_value": 0.1495,
            "significant": false,
            "n_permutations": 2000
        },
        "easy_queries": {
            "n": 47,
            "baseline_mean": 0.7104519214848892,
            "system_mean": 0.7030499085010574,
            "mean_delta": -0.0074020129838318965,
            "degradation": true,
            "improvement": false
        },
        "hard_queries": {
            "n": 115,
            "baseline_mean": 0.15685536546242002,
            "system_mean": 0.17721174618837265,
            "mean_delta": 0.020356380725952618,
            "degradation": false,
            "improvement": true
        }
    },
    "P-SAFE vs Hybrid": {
        "comparison": "B-P-SAFE vs Hybrid",
        "n_queries": 162,
        "mean_delta": -0.0025798144772635305,
        "median_delta": 0.0,
        "std_delta": 0.06504583806098788,
        "baseline_mean": 0.3323495460279583,
        "system_mean": 0.3297697315506948,
        "wins": 13,
        "ties": 130,
        "losses": 19,
        "effect_size": {
            "cohens_d": -0.008492960480592792,
            "cohens_dz": -0.03953888269959721,
            "magnitude": "negligible"
        },
        "paired_ttest": {
            "t_statistic": -0.5032478173936438,
            "p_value": 0.6154778485116535,
            "significant": false
        },
        "wilcoxon": {
            "w_statistic": 208.0,
            "p_value": 0.2950241704230592,
            "significant": false,
            "n_nonzero": 32
        },
        "bootstrap_ci": {
            "ci_low": -0.012718132633555703,
            "ci_high": 0.007425744727391408,
            "ci_level": 0.95,
            "significant": false,
            "n_bootstrap": 5000
        },
        "permutation_test": {
            "p_value": 0.593,
            "significant": false,
            "n_permutations": 2000
        },
        "easy_queries": {
            "n": 47,
            "baseline_mean": 0.6964444772352852,
            "system_mean": 0.7030499085010574,
            "mean_delta": 0.006605431265771988,
            "degradation": false,
            "improvement": true
        },
        "hard_queries": {
            "n": 115,
            "baseline_mean": 0.18354553066496374,
            "system_mean": 0.17721174618837265,
            "mean_delta": -0.006333784476591089,
            "degradation": true,
            "improvement": false
        }
    }
}