{
    "dense_search": {
        "mean": 0.9652440001082141,
        "p50": 0.4803000010724645,
        "p90": 0.53185999931884,
        "p95": 0.5937000001722479,
        "p99": 9.759959999500982,
        "max": 12.649799999053357
    },
    "bm25_search": {
        "mean": 520.0873400001728,
        "p50": 528.4708999970462,
        "p90": 632.1136800004753,
        "p95": 663.165919999301,
        "p99": 935.2464920014602,
        "max": 1020.2033000023221
    },
    "graph_expansion": {
        "mean": 0.019760000141104683,
        "p50": 0.01880000127130188,
        "p90": 0.021199999901000414,
        "p95": 0.02508000034140422,
        "p99": 0.03137200095807201,
        "max": 0.03310000101919286
    },
    "fusion": {
        "mean": 0.03435199992964044,
        "p50": 0.02970000059576705,
        "p90": 0.03616000103647821,
        "p95": 0.04359999948064795,
        "p99": 0.10377600032370522,
        "max": 0.12240000069141388
    },
    "cross_encoder": {
        "mean": 411.4733559990418,
        "p50": 476.5391999972053,
        "p90": 620.4181600012816,
        "p95": 671.4280399974084,
        "p99": 764.3181199999524,
        "max": 789.686600001005
    },
    "router_decision": {
        "mean": 1.1348280003585387,
        "p50": 1.0312000013072975,
        "p90": 1.5013800002634528,
        "p95": 1.6375799998058935,
        "p99": 1.6600479999033269,
        "max": 1.661199999944074
    },
    "total": {
        "mean": 937.920239999512,
        "p50": 984.8557000004803,
        "p90": 1193.1409399992845,
        "p95": 1259.2268600004898,
        "p99": 1528.6073559992649,
        "max": 1608.5544999987178
    },
    "cross_encoder_calls_per_query": 0.8,
    "candidates_reranked_per_query": 80.0
}