{
    "dense_search": {
        "mean": 0.3052882733036201,
        "p50": 0.3069999802391976,
        "p90": 0.32977000810205936,
        "p95": 0.3387800185009837,
        "p99": 0.3581980045419184,
        "max": 0.38679997669532895
    },
    "bm25_search": {
        "mean": 3.497141356620202,
        "p50": 2.632949996041134,
        "p90": 6.923119956627488,
        "p95": 7.773995038587599,
        "p99": 8.576703988364898,
        "max": 8.692800009157509
    },
    "graph_expansion": {
        "mean": 0.009719136510228302,
        "p50": 0.009600014891475439,
        "p90": 0.010690023191273212,
        "p95": 0.011594971874728797,
        "p99": 0.01366798765957354,
        "max": 0.015400000847876072
    },
    "fusion": {
        "mean": 0.0253524649227153,
        "p50": 0.025300018023699522,
        "p90": 0.027990032685920596,
        "p95": 0.028995046159252524,
        "p99": 0.03161700791679322,
        "max": 0.034999975468963385
    },
    "cross_encoder": {
        "mean": 385.5197345697821,
        "p50": 602.1331500378437,
        "p90": 828.6462499469053,
        "p95": 893.7192900339141,
        "p99": 953.5632439609617,
        "max": 976.1215999023989
    },
    "router_decision": {
        "mean": 1.0891592584228442,
        "p50": 1.0448499815538526,
        "p90": 1.1966199788730592,
        "p95": 1.4572049869457258,
        "p99": 1.6158480121521277,
        "max": 2.0285999635234475
    },
    "total": {
        "mean": 392.7437895050209,
        "p50": 609.2410999990534,
        "p90": 837.8311199019663,
        "p95": 903.2365000020944,
        "p99": 963.6613869376015,
        "max": 984.9797999486327
    },
    "cross_encoder_calls_per_query": 0.5493827160493827,
    "candidates_reranked_per_query": 54.93827160493827
}