{
    "P-SAFE vs Dense": {
        "comparison": "B-P-SAFE vs Dense",
        "n_queries": 162,
        "mean_delta": 0.024022803732465844,
        "median_delta": 0.0,
        "std_delta": 0.1368611571588855,
        "baseline_mean": 0.3338768214476023,
        "system_mean": 0.3578996251800682,
        "wins": 41,
        "ties": 98,
        "losses": 23,
        "effect_size": {
            "cohens_d": 0.07779488489881495,
            "cohens_dz": 0.17498423218593948,
            "magnitude": "negligible"
        },
        "paired_ttest": {
            "t_statistic": 2.227185669229185,
            "p_value": 0.027321699161681756,
            "significant": true
        },
        "wilcoxon": {
            "w_statistic": 706.0,
            "p_value": 0.02550765413881958,
            "significant": true,
            "n_nonzero": 64
        },
        "bootstrap_ci": {
            "ci_low": 0.004214532959276778,
            "ci_high": 0.046704050281033194,
            "ci_level": 0.95,
            "significant": true,
            "n_bootstrap": 5000
        },
        "permutation_test": {
            "p_value": 0.0285,
            "significant": true,
            "n_permutations": 2000
        },
        "easy_queries": {
            "n": 47,
            "baseline_mean": 0.7462526661790008,
            "system_mean": 0.7214141375660436,
            "mean_delta": -0.024838528612957125,
            "degradation": true,
            "improvement": false
        },
        "hard_queries": {
            "n": 115,
            "baseline_mean": 0.16534060664433517,
            "system_mean": 0.20933282446579993,
            "mean_delta": 0.04399221782146479,
            "degradation": false,
            "improvement": true
        }
    },
    "P-SAFE vs Hybrid": {
        "comparison": "B-P-SAFE vs Hybrid",
        "n_queries": 162,
        "mean_delta": -0.005296322489638296,
        "median_delta": 0.0,
        "std_delta": 0.06654051394727256,
        "baseline_mean": 0.3631959476697065,
        "system_mean": 0.3578996251800682,
        "wins": 18,
        "ties": 119,
        "losses": 25,
        "effect_size": {
            "cohens_d": -0.017310502414598656,
            "cohens_dz": -0.07934940981912698,
            "magnitude": "negligible"
        },
        "paired_ttest": {
            "t_statistic": -1.009953103792592,
            "p_value": 0.31403319114726297,
            "significant": false
        },
        "wilcoxon": {
            "w_statistic": 376.0,
            "p_value": 0.24666774105321565,
            "significant": false,
            "n_nonzero": 43
        },
        "bootstrap_ci": {
            "ci_low": -0.01558645080271491,
            "ci_high": 0.0051700386101740416,
            "ci_level": 0.95,
            "significant": false,
            "n_bootstrap": 5000
        },
        "permutation_test": {
            "p_value": 0.326,
            "significant": false,
            "n_permutations": 2000
        },
        "easy_queries": {
            "n": 47,
            "baseline_mean": 0.7168319286647798,
            "system_mean": 0.7214141375660436,
            "mean_delta": 0.004582208901263708,
            "degradation": false,
            "improvement": true
        },
        "hard_queries": {
            "n": 115,
            "baseline_mean": 0.21866645978476337,
            "system_mean": 0.20933282446579993,
            "mean_delta": -0.009333635318963461,
            "degradation": true,
            "improvement": false
        }
    }
}