{
    "dense_ndcg": 0.5616730289097961,
    "psafe_ndcg": 0.7455674310798451,
    "oracle_ndcg": 0.824279430865628,
    "dense_latency": 4.210079999756999,
    "psafe_latency": 1011.0429959990142,
    "best_hybrid_name": "Deep Hybrid",
    "best_hybrid_ndcg": 0.7952189710510489,
    "best_hybrid_latency": 1048.8136119992123,
    "quality_retention_vs_best_hybrid": 0.7874014015573279,
    "quality_retention_vs_hybrid": 0.7874014015573279,
    "latency_saving_vs_best_hybrid": 0.03601270575445814,
    "harm_avoidance": 0.0,
    "recovery_capture": 0.7458260863864565,
    "oracle_gap": 0.07871199978578292,
    "oracle_gap_closed": 0.7002662570312297,
    "safe_gain": 0.31579892892037786,
    "taxonomy": "Selective escalation",
    "dataset": "trec-covid",
    "hybrid_activation_rate": 0.92,
    "p_value_vs_dense": 0.0019333713134101948,
    "p_value_vs_hybrid": 0.16308078852819594,
    "seed": 123,
    "split_hash": "7806e4f6"
}