{
    "dense_ndcg": 0.4145597851164451,
    "psafe_ndcg": 0.41992737776297206,
    "oracle_ndcg": 0.497049847921566,
    "dense_latency": 5.522981232497841,
    "psafe_latency": 203.16800368967682,
    "best_hybrid_name": "Deep Hybrid",
    "best_hybrid_ndcg": 0.4524444793224622,
    "best_hybrid_latency": 854.3495575392333,
    "quality_retention_vs_best_hybrid": 0.14168235375843313,
    "quality_retention_vs_hybrid": 0.14168235375843313,
    "latency_saving_vs_best_hybrid": 0.7621956939091094,
    "harm_avoidance": 0.07006252677019674,
    "recovery_capture": 0.07453814831377752,
    "oracle_gap": 0.07712247015859391,
    "oracle_gap_closed": 0.06506956673324003,
    "safe_gain": 0.007663728392594734,
    "taxonomy": "Hybrid-beneficial / P-SAFE under-treatment",
    "dataset": "fiqa",
    "hybrid_activation_rate": 0.04,
    "p_value_vs_dense": 0.12543193117286192,
    "p_value_vs_hybrid": 0.006364498010186315,
    "seed": 2026,
    "split_hash": "202ba547"
}