{
    "dense_search": {
        "mean": 0.45294584348224676,
        "p50": 0.4493999877013266,
        "p90": 0.5438800086267292,
        "p95": 0.5683800205588341,
        "p99": 0.6466439901851117,
        "max": 0.6720999954268336
    },
    "bm25_search": {
        "mean": 171.68126000001882,
        "p50": 169.27439998835325,
        "p90": 254.67151999473572,
        "p95": 269.34563998365775,
        "p99": 319.0803479962049,
        "max": 453.9719999884255
    },
    "graph_expansion": {
        "mean": 0.01690246182708786,
        "p50": 0.01650000922381878,
        "p90": 0.018600025214254856,
        "p95": 0.02006003633141518,
        "p99": 0.023300002794712782,
        "max": 0.025800021830946207
    },
    "fusion": {
        "mean": 0.03332215558307675,
        "p50": 0.03309996100142598,
        "p90": 0.036459986586123705,
        "p95": 0.03931996179744602,
        "p99": 0.047184010036289685,
        "max": 0.06719998782500625
    },
    "cross_encoder": {
        "mean": 24.847618153569503,
        "p50": 0.0,
        "p90": 0.0,
        "p95": 0.0,
        "p99": 688.8634080137125,
        "max": 854.7499999403954
    },
    "router_decision": {
        "mean": 1.04503199726773,
        "p50": 1.0196000221185386,
        "p90": 1.0927599971182644,
        "p95": 1.199720008298755,
        "p99": 1.4785439777187999,
        "max": 1.7029999871738255
    },
    "total": {
        "mean": 203.16800368967682,
        "p50": 180.7921000290662,
        "p90": 273.8649799837731,
        "p95": 326.2238800060006,
        "p99": 786.419731983915,
        "max": 960.3287000209093
    },
    "cross_encoder_calls_per_query": 0.04,
    "candidates_reranked_per_query": 4.0
}