{
    "best_hybrid_name": "Deep Hybrid",
    "best_hybrid_ndcg": 0.4523697689427489,
    "best_hybrid_latency": 893.36046276829,
    "quality_retention_vs_best_hybrid": 0.6127267251070999,
    "quality_retention_vs_hybrid": 0.6127267251070999,
    "latency_saving_vs_best_hybrid": 0.34821595059743926,
    "harm_avoidance": 0.015147217063008589,
    "recovery_capture": 0.6783719831687203,
    "oracle_gap": 0.056572666139568906,
    "oracle_gap_closed": 0.27678607980223074,
    "safe_gain": 0.03565696520208588,
    "taxonomy": "Selective escalation",
    "dataset": "fiqa",
    "hybrid_activation_rate": 0.6584615384615384,
    "p_value_vs_dense": 0.024654990034402705,
    "p_value_vs_hybrid": 0.041675488043311976
}