{
  "Dense": {
    "method": "Dense",
    "safe_gain": 0.0,
    "easy_degradation_mean": -0.0,
    "easy_degradation_rate": 0.0,
    "hard_gain_mean": 0.0,
    "hard_gain_rate": 0.0,
    "net_ndcg_gain": 0.0,
    "dense_preservation_rate": 1.0,
    "missed_hard_query_rate": 1.0,
    "n_easy": 130,
    "n_hard": 196,
    "pct_routed_hybrid": 0.0,
    "pct_preserved_dense": 0.0
  },
  "Dense+BM25": {
    "method": "Dense+BM25",
    "safe_gain": -0.2095998413682399,
    "easy_degradation_mean": 0.2750923993144314,
    "easy_degradation_rate": 0.7153846153846154,
    "hard_gain_mean": 0.06549255794619152,
    "hard_gain_rate": 0.25510204081632654,
    "net_ndcg_gain": -0.09939692724662966,
    "dense_preservation_rate": 0.5368098159509203,
    "missed_hard_query_rate": 0.4489795918367347,
    "n_easy": 130,
    "n_hard": 196,
    "pct_routed_hybrid": 0.0,
    "pct_preserved_dense": 0.0
  },
  "Dense+Graph": {
    "method": "Dense+Graph",
    "safe_gain": 0.0,
    "easy_degradation_mean": -0.0,
    "easy_degradation_rate": 0.0,
    "hard_gain_mean": 0.0,
    "hard_gain_rate": 0.0,
    "net_ndcg_gain": 0.0,
    "dense_preservation_rate": 1.0,
    "missed_hard_query_rate": 1.0,
    "n_easy": 130,
    "n_hard": 196,
    "pct_routed_hybrid": 0.0,
    "pct_preserved_dense": 0.0
  },
  "Dense+BM25+Graph": {
    "method": "Dense+BM25+Graph",
    "safe_gain": -0.11955085531681307,
    "easy_degradation_mean": 0.14850885547733428,
    "easy_degradation_rate": 0.5076923076923077,
    "hard_gain_mean": 0.028958000160521205,
    "hard_gain_rate": 0.16326530612244897,
    "net_ndcg_gain": -0.04717450055782198,
    "dense_preservation_rate": 0.6809815950920245,
    "missed_hard_query_rate": 0.6428571428571429,
    "n_easy": 130,
    "n_hard": 196,
    "pct_routed_hybrid": 0.0,
    "pct_preserved_dense": 0.0
  },
  "Dense+BM25+CE": {
    "method": "Dense+BM25+CE",
    "safe_gain": 0.0394326048383835,
    "easy_degradation_mean": 0.06967065813386834,
    "easy_degradation_rate": 0.3153846153846154,
    "hard_gain_mean": 0.10910326297225184,
    "hard_gain_rate": 0.4030612244897959,
    "net_ndcg_gain": 0.029608020614674397,
    "dense_preservation_rate": 0.7791411042944786,
    "missed_hard_query_rate": 0.4387755102040816,
    "n_easy": 130,
    "n_hard": 196,
    "pct_routed_hybrid": 0.0,
    "pct_preserved_dense": 0.0
  },
  "Dense+BM25+Graph+CE": {
    "method": "Dense+BM25+Graph+CE",
    "safe_gain": 0.0394326048383835,
    "easy_degradation_mean": 0.06967065813386834,
    "easy_degradation_rate": 0.3153846153846154,
    "hard_gain_mean": 0.10910326297225184,
    "hard_gain_rate": 0.4030612244897959,
    "net_ndcg_gain": 0.029608020614674397,
    "dense_preservation_rate": 0.7791411042944786,
    "missed_hard_query_rate": 0.4387755102040816,
    "n_easy": 130,
    "n_hard": 196,
    "pct_routed_hybrid": 0.0,
    "pct_preserved_dense": 0.0
  },
  "Deep Hybrid": {
    "method": "Deep Hybrid",
    "safe_gain": 0.04126528166917437,
    "easy_degradation_mean": 0.07677806053063561,
    "easy_degradation_rate": 0.3153846153846154,
    "hard_gain_mean": 0.11804334219980998,
    "hard_gain_rate": 0.4030612244897959,
    "net_ndcg_gain": 0.02927568413072466,
    "dense_preservation_rate": 0.7668711656441718,
    "missed_hard_query_rate": 0.41836734693877553,
    "n_easy": 130,
    "n_hard": 196,
    "pct_routed_hybrid": 0.0,
    "pct_preserved_dense": 0.0
  },
  "P-SAFE-AMSR": {
    "method": "P-SAFE-AMSR",
    "safe_gain": 0.0,
    "easy_degradation_mean": -0.0,
    "easy_degradation_rate": 0.0,
    "hard_gain_mean": 0.0,
    "hard_gain_rate": 0.0,
    "net_ndcg_gain": 0.0,
    "dense_preservation_rate": 1.0,
    "missed_hard_query_rate": 1.0,
    "n_easy": 130,
    "n_hard": 196,
    "pct_routed_hybrid": 0.0,
    "pct_preserved_dense": 0.0,
    "avg_latency_ms": 0.44775920292645394
  }
}