{
    "P-SAFE vs Dense": {
        "comparison": "B-P-SAFE vs Dense",
        "n_queries": 325,
        "mean_delta": 0.02165130682281356,
        "median_delta": 0.0,
        "std_delta": 0.1726504525487624,
        "baseline_mean": 0.41703377667143243,
        "system_mean": 0.43868508349424595,
        "wins": 64,
        "ties": 215,
        "losses": 46,
        "effect_size": {
            "cohens_d": 0.058826713162067945,
            "cohens_dz": 0.12521236485933637,
            "magnitude": "negligible"
        },
        "paired_ttest": {
            "t_statistic": 2.2572980091122132,
            "p_value": 0.024654990034402705,
            "significant": true
        },
        "wilcoxon": {
            "w_statistic": 2370.5,
            "p_value": 0.0419548797452119,
            "significant": true,
            "n_nonzero": 110
        },
        "bootstrap_ci": {
            "ci_low": 0.003322565134590893,
            "ci_high": 0.04058214995583502,
            "ci_level": 0.95,
            "significant": true,
            "n_bootstrap": 5000
        },
        "permutation_test": {
            "p_value": 0.0175,
            "significant": true,
            "n_permutations": 2000
        },
        "easy_queries": {
            "n": 130,
            "baseline_mean": 0.810626340815959,
            "system_mean": 0.7850334898556296,
            "mean_delta": -0.025592850960329296,
            "degradation": true,
            "improvement": false
        },
        "hard_queries": {
            "n": 195,
            "baseline_mean": 0.15463873390841473,
            "system_mean": 0.20778614591999017,
            "mean_delta": 0.05314741201157546,
            "degradation": false,
            "improvement": true
        }
    },
    "P-SAFE vs Hybrid": {
        "comparison": "B-P-SAFE vs Hybrid",
        "n_queries": 325,
        "mean_delta": -0.013684685448502917,
        "median_delta": 0.0,
        "std_delta": 0.12045974031444232,
        "baseline_mean": 0.4523697689427489,
        "system_mean": 0.43868508349424595,
        "wins": 29,
        "ties": 259,
        "losses": 37,
        "effect_size": {
            "cohens_d": -0.037349311206109126,
            "cohens_dz": -0.11342890023463728,
            "magnitude": "negligible"
        },
        "paired_ttest": {
            "t_statistic": -2.0448685795773702,
            "p_value": 0.041675488043311976,
            "significant": true
        },
        "wilcoxon": {
            "w_statistic": 801.5,
            "p_value": 0.05213752255686016,
            "significant": false,
            "n_nonzero": 66
        },
        "bootstrap_ci": {
            "ci_low": -0.02729643050740801,
            "ci_high": -0.0007134313453847364,
            "ci_level": 0.95,
            "significant": true,
            "n_bootstrap": 5000
        },
        "permutation_test": {
            "p_value": 0.0395,
            "significant": true,
            "n_permutations": 2000
        },
        "easy_queries": {
            "n": 130,
            "baseline_mean": 0.7849655564074166,
            "system_mean": 0.7850334898556296,
            "mean_delta": 6.793344821297863e-05,
            "degradation": false,
            "improvement": true
        },
        "hard_queries": {
            "n": 195,
            "baseline_mean": 0.23063924396630373,
            "system_mean": 0.20778614591999017,
            "mean_delta": -0.022853098046313514,
            "degradation": true,
            "improvement": false
        }
    }
}