{
    "dense_ndcg": 0.31746671196276605,
    "psafe_ndcg": 0.3351404059464285,
    "oracle_ndcg": 0.3647287263631927,
    "dense_latency": 2.567813581539847,
    "psafe_latency": 552.9640518451529,
    "best_hybrid_name": "Deep Hybrid",
    "best_hybrid_ndcg": 0.3323495460279583,
    "best_hybrid_latency": 712.6546358009858,
    "quality_retention_vs_best_hybrid": 1.1875220745084731,
    "quality_retention_vs_hybrid": 1.1875220745084731,
    "latency_saving_vs_best_hybrid": 0.2240785030133835,
    "harm_avoidance": 0.01407431811763864,
    "recovery_capture": 0.9375561561177792,
    "oracle_gap": 0.02958832041676418,
    "oracle_gap_closed": 0.3739513477763006,
    "safe_gain": 0.028645254747953968,
    "taxonomy": "Recovery / Selective-win",
    "dataset": "nfcorpus",
    "hybrid_activation_rate": 0.7716049382716049,
    "p_value_vs_dense": 0.0635978524487435,
    "p_value_vs_hybrid": 0.40228191688575204,
    "seed": 2026,
    "split_hash": "608d6e28"
}