{
    "dense_search": {
        "mean": 0.3085098772620161,
        "p50": 0.3063000040128827,
        "p90": 0.33632999984547496,
        "p95": 0.345155011746101,
        "p99": 0.42659500439185566,
        "max": 0.5907000158913434
    },
    "bm25_search": {
        "mean": 3.46877592735073,
        "p50": 2.6039000076707453,
        "p90": 6.700039986753838,
        "p95": 7.773995038587599,
        "p99": 8.54664399696048,
        "max": 9.136000007856637
    },
    "graph_expansion": {
        "mean": 0.009682715401904267,
        "p50": 0.009600014891475439,
        "p90": 0.010699965059757233,
        "p95": 0.01099497021641582,
        "p99": 0.012834016815759233,
        "max": 0.01379998866468668
    },
    "fusion": {
        "mean": 0.025356167936007732,
        "p50": 0.02549999044276774,
        "p90": 0.02770003047771752,
        "p95": 0.02890004252549261,
        "p99": 0.03125100512988864,
        "max": 0.031800009310245514
    },
    "cross_encoder": {
        "mean": 545.7983259223028,
        "p50": 627.3999000259209,
        "p90": 877.4432300473563,
        "p95": 900.4105050174985,
        "p99": 962.177914928761,
        "max": 1126.7814999446273
    },
    "router_decision": {
        "mean": 1.0483635792129293,
        "p50": 1.0233000211883336,
        "p90": 1.0973999800626189,
        "p95": 1.1732149752788243,
        "p99": 1.5133430040441442,
        "max": 1.6612999606877565
    },
    "total": {
        "mean": 552.9640518451529,
        "p50": 634.6615500224289,
        "p90": 884.3776699679438,
        "p95": 908.7250700453296,
        "p99": 971.5232349262802,
        "max": 1134.3519000220113
    },
    "cross_encoder_calls_per_query": 0.7716049382716049,
    "candidates_reranked_per_query": 77.1604938271605
}