{
    "P-SAFE vs Dense": {
        "comparison": "B-P-SAFE vs Dense",
        "n_queries": 162,
        "mean_delta": 0.01767369398366247,
        "median_delta": 0.0,
        "std_delta": 0.12005880139316195,
        "baseline_mean": 0.31746671196276605,
        "system_mean": 0.3351404059464285,
        "wins": 48,
        "ties": 82,
        "losses": 32,
        "effect_size": {
            "cohens_d": 0.05826677937930236,
            "cohens_dz": 0.14675359824086676,
            "magnitude": "negligible"
        },
        "paired_ttest": {
            "t_statistic": 1.8678683606335758,
            "p_value": 0.0635978524487435,
            "significant": false
        },
        "wilcoxon": {
            "w_statistic": 1245.0,
            "p_value": 0.07208075893702251,
            "significant": false,
            "n_nonzero": 80
        },
        "bootstrap_ci": {
            "ci_low": -0.001061406496954284,
            "ci_high": 0.036289187164281325,
            "ci_level": 0.95,
            "significant": false,
            "n_bootstrap": 5000
        },
        "permutation_test": {
            "p_value": 0.058,
            "significant": false,
            "n_permutations": 2000
        },
        "easy_queries": {
            "n": 47,
            "baseline_mean": 0.7104519214848892,
            "system_mean": 0.7056654945606314,
            "mean_delta": -0.004786426924257807,
            "degradation": true,
            "improvement": false
        },
        "hard_queries": {
            "n": 115,
            "baseline_mean": 0.15685536546242002,
            "system_mean": 0.18370841320844994,
            "mean_delta": 0.02685304774602989,
            "degradation": false,
            "improvement": true
        }
    },
    "P-SAFE vs Hybrid": {
        "comparison": "B-P-SAFE vs Hybrid",
        "n_queries": 162,
        "mean_delta": 0.002790859918470229,
        "median_delta": 0.0,
        "std_delta": 0.042168675134350624,
        "baseline_mean": 0.3323495460279583,
        "system_mean": 0.3351404059464285,
        "wins": 11,
        "ties": 139,
        "losses": 12,
        "effect_size": {
            "cohens_d": 0.009215032713367148,
            "cohens_dz": 0.065978663318013,
            "magnitude": "negligible"
        },
        "paired_ttest": {
            "t_statistic": 0.8397712844242399,
            "p_value": 0.40228191688575204,
            "significant": false
        },
        "wilcoxon": {
            "w_statistic": 137.0,
            "p_value": 0.975734716867293,
            "significant": false,
            "n_nonzero": 23
        },
        "bootstrap_ci": {
            "ci_low": -0.003236519786951567,
            "ci_high": 0.009580688080159409,
            "ci_level": 0.95,
            "significant": false,
            "n_bootstrap": 5000
        },
        "permutation_test": {
            "p_value": 0.398,
            "significant": false,
            "n_permutations": 2000
        },
        "easy_queries": {
            "n": 47,
            "baseline_mean": 0.6964444772352852,
            "system_mean": 0.7056654945606314,
            "mean_delta": 0.00922101732534608,
            "degradation": false,
            "improvement": true
        },
        "hard_queries": {
            "n": 115,
            "baseline_mean": 0.18354553066496374,
            "system_mean": 0.18370841320844994,
            "mean_delta": 0.0001628825434861857,
            "degradation": false,
            "improvement": true
        }
    }
}