{
    "dense_ndcg": 0.6465710417012945,
    "psafe_ndcg": 0.6465710417012945,
    "oracle_ndcg": 0.7663060998155725,
    "dense_latency": 2.954368421725169,
    "psafe_latency": 18.548963815096375,
    "best_hybrid_name": "Deep Hybrid",
    "best_hybrid_ndcg": 0.7330237288186434,
    "best_hybrid_latency": 710.519526976369,
    "quality_retention_vs_best_hybrid": 0.0,
    "quality_retention_vs_hybrid": 0.0,
    "latency_saving_vs_best_hybrid": 0.9738938014919423,
    "harm_avoidance": 0.04108526463531304,
    "recovery_capture": 0.0,
    "oracle_gap": 0.11973505811427798,
    "oracle_gap_closed": 0.0,
    "safe_gain": 0.0,
    "taxonomy": "Hybrid-beneficial / P-SAFE under-treatment",
    "dataset": "scifact",
    "hybrid_activation_rate": 0.0,
    "p_value_vs_dense": 1.0,
    "p_value_vs_hybrid": 0.00020848569572725557,
    "seed": 42,
    "split_hash": "9423e775"
}