{
    "dense_search": {
        "mean": 0.3674519730817625,
        "p50": 0.367750006262213,
        "p90": 0.41280000004917383,
        "p95": 0.4191700223600492,
        "p99": 0.4486840119352564,
        "max": 0.45629998203366995
    },
    "bm25_search": {
        "mean": 14.457892763235385,
        "p50": 13.897650002036244,
        "p90": 21.6181599535048,
        "p95": 23.29526500252541,
        "p99": 25.851058020489322,
        "max": 28.25399994617328
    },
    "graph_expansion": {
        "mean": 0.011523679667765177,
        "p50": 0.011000025551766157,
        "p90": 0.013699987903237343,
        "p95": 0.01463499502278864,
        "p99": 0.017795960884541277,
        "max": 0.019599974621087313
    },
    "fusion": {
        "mean": 0.028816450044120614,
        "p50": 0.028350012144073844,
        "p90": 0.031100003980100155,
        "p95": 0.033730024006217704,
        "p99": 0.041841027559712536,
        "max": 0.0447999918833375
    },
    "router_decision": {
        "mean": 1.0631032901552604,
        "p50": 1.0446500091347843,
        "p90": 1.0990199923980981,
        "p95": 1.2049000099068508,
        "p99": 1.393736990285106,
        "max": 1.4115999802015722
    },
    "total": {
        "mean": 18.548963815096375,
        "p50": 18.30294998944737,
        "p90": 25.576210021972656,
        "p95": 27.233169972896572,
        "p99": 29.722274971427428,
        "max": 33.9045999571681
    },
    "cross_encoder_calls_per_query": 0.0,
    "candidates_reranked_per_query": 0.0
}