{
    "dense_ndcg": 0.5185808475020721,
    "psafe_ndcg": 0.6956806549772463,
    "oracle_ndcg": 0.782397675018686,
    "dense_latency": 4.675483999744756,
    "psafe_latency": 937.9036159990937,
    "best_hybrid_name": "Deep Hybrid",
    "best_hybrid_ndcg": 0.7698627148905524,
    "best_hybrid_latency": 1033.2172719993105,
    "quality_retention_vs_best_hybrid": 0.7047854638925416,
    "quality_retention_vs_hybrid": 0.7047854638925416,
    "latency_saving_vs_best_hybrid": 0.09224938314840747,
    "harm_avoidance": 0.0,
    "recovery_capture": 0.7096492032347225,
    "oracle_gap": 0.08671702004143966,
    "oracle_gap_closed": 0.6712983744906164,
    "safe_gain": 0.2904800376931503,
    "taxonomy": "Selective escalation",
    "dataset": "trec-covid",
    "hybrid_activation_rate": 0.8,
    "p_value_vs_dense": 0.000888728240543768,
    "p_value_vs_hybrid": 0.03763086246187994,
    "seed": 42,
    "split_hash": "bbe19f8b"
}