{
    "dense_ndcg": 0.3216919777727937,
    "psafe_ndcg": 0.3431250177447586,
    "oracle_ndcg": 0.37705782184879333,
    "dense_latency": 2.6192493861782604,
    "psafe_latency": 312.0452006179322,
    "best_hybrid_name": "Deep Hybrid",
    "best_hybrid_ndcg": 0.34768767454706023,
    "best_hybrid_latency": 711.2435821011192,
    "quality_retention_vs_best_hybrid": 0.8244841505145483,
    "quality_retention_vs_hybrid": 0.8244841505145483,
    "latency_saving_vs_best_hybrid": 0.5612681668126911,
    "harm_avoidance": 0.03652541768738014,
    "recovery_capture": 0.5374576898021146,
    "oracle_gap": 0.03393280410403471,
    "oracle_gap_closed": 0.38711664799229306,
    "safe_gain": 0.026997345568151365,
    "taxonomy": "Selective escalation",
    "dataset": "nfcorpus",
    "hybrid_activation_rate": 0.42592592592592593,
    "p_value_vs_dense": 0.0022278464113569293,
    "p_value_vs_hybrid": 0.5664966970829846,
    "seed": 123,
    "split_hash": "c5473b99"
}