{
    "dense_search": {
        "mean": 0.30714567760752953,
        "p50": 0.3065000055357814,
        "p90": 0.3356899949721992,
        "p95": 0.3412699792534113,
        "p99": 0.41305300779640564,
        "max": 0.5907000158913434
    },
    "bm25_search": {
        "mean": 3.423090742464051,
        "p50": 2.488100028131157,
        "p90": 6.594289967324586,
        "p95": 7.475520009757019,
        "p99": 8.422273002215661,
        "max": 8.567499986384064
    },
    "graph_expansion": {
        "mean": 0.00967530901601285,
        "p50": 0.00964998616836965,
        "p90": 0.010500021744519472,
        "p95": 0.010800024028867483,
        "p99": 0.01228501263540236,
        "max": 0.01379998866468668
    },
    "fusion": {
        "mean": 0.025251848669147786,
        "p50": 0.02540001878514886,
        "p90": 0.027490034699440002,
        "p95": 0.028484986978583034,
        "p99": 0.029511991888284673,
        "max": 0.031800009310245514
    },
    "cross_encoder": {
        "mean": 304.8814537027351,
        "p50": 0.0,
        "p90": 845.8635099930689,
        "p95": 890.4382899752817,
        "p99": 922.6503380225038,
        "max": 1126.7814999446273
    },
    "router_decision": {
        "mean": 1.040825928578636,
        "p50": 1.0266999888699502,
        "p90": 1.0789799562189728,
        "p95": 1.1446049873484299,
        "p99": 1.355756960110735,
        "max": 1.5266999835148454
    },
    "total": {
        "mean": 312.0452006179322,
        "p50": 9.581599966622889,
        "p90": 853.398520022165,
        "p95": 895.5721699749118,
        "p99": 931.5323250030632,
        "max": 1134.3614000361413
    },
    "cross_encoder_calls_per_query": 0.42592592592592593,
    "candidates_reranked_per_query": 42.592592592592595
}