{
    "dense_ndcg": 0.4097030987045317,
    "psafe_ndcg": 0.4344023805034649,
    "oracle_ndcg": 0.47809388792521695,
    "dense_latency": 5.547106771622426,
    "psafe_latency": 606.5644864587543,
    "best_hybrid_name": "Deep Hybrid",
    "best_hybrid_ndcg": 0.42871641806135224,
    "best_hybrid_latency": 852.3007101542316,
    "quality_retention_vs_best_hybrid": 1.2990515404177954,
    "quality_retention_vs_hybrid": 1.2990515404177954,
    "latency_saving_vs_best_hybrid": 0.2883210359533891,
    "harm_avoidance": 0.04419833864641725,
    "recovery_capture": 0.8552101100647489,
    "oracle_gap": 0.04369150742175204,
    "oracle_gap_closed": 0.3611492436391237,
    "safe_gain": 0.05204366276520176,
    "taxonomy": "Recovery / Selective-win",
    "dataset": "fiqa",
    "hybrid_activation_rate": 0.6184615384615385,
    "p_value_vs_dense": 0.01318806396669576,
    "p_value_vs_hybrid": 0.3879690437750695,
    "seed": 123,
    "split_hash": "d7658f66"
}