{
    "dense_search": {
        "mean": 0.4545495376134148,
        "p50": 0.45059999683871865,
        "p90": 0.540060002822429,
        "p95": 0.5719200358726084,
        "p99": 0.6189760426059365,
        "max": 0.6720999954268336
    },
    "bm25_search": {
        "mean": 174.32124000006857,
        "p50": 169.27439998835325,
        "p90": 266.0258000134491,
        "p95": 293.0145399994217,
        "p99": 324.4302119547501,
        "max": 365.4839000082575
    },
    "graph_expansion": {
        "mean": 0.01707630787188044,
        "p50": 0.016600009985268116,
        "p90": 0.019459973555058244,
        "p95": 0.02113999798893929,
        "p99": 0.02486001467332243,
        "max": 0.02829998265951872
    },
    "fusion": {
        "mean": 0.03342984656158548,
        "p50": 0.03330002073198557,
        "p90": 0.036999990697950125,
        "p95": 0.040600006468594074,
        "p99": 0.04541601054370402,
        "max": 0.05319999763742089
    },
    "cross_encoder": {
        "mean": 425.5813184600825,
        "p50": 561.8102999869734,
        "p90": 818.9199599321,
        "p95": 921.6520200250673,
        "p99": 1105.1484959456138,
        "max": 1381.1820999835618
    },
    "router_decision": {
        "mean": 1.045000921899023,
        "p50": 1.0255000088363886,
        "p90": 1.083619985729456,
        "p95": 1.1706800083629787,
        "p99": 1.5648400085046883,
        "max": 1.896000001579523
    },
    "total": {
        "mean": 606.5644864587543,
        "p50": 718.8925000373274,
        "p90": 1053.2616800046526,
        "p95": 1163.7693199911157,
        "p99": 1387.5740800308988,
        "max": 1619.7763999225572
    },
    "cross_encoder_calls_per_query": 0.6184615384615385,
    "candidates_reranked_per_query": 61.84615384615385
}