{
    "dense_ndcg": 0.4097030987045317,
    "psafe_ndcg": 0.42391917741060453,
    "oracle_ndcg": 0.47809388792521695,
    "dense_latency": 5.547106771622426,
    "psafe_latency": 427.1750975367971,
    "best_hybrid_name": "Deep Hybrid",
    "best_hybrid_ndcg": 0.42871641806135224,
    "best_hybrid_latency": 852.3007101542316,
    "quality_retention_vs_best_hybrid": 0.7476905236419529,
    "quality_retention_vs_hybrid": 0.7476905236419529,
    "latency_saving_vs_best_hybrid": 0.49879767499020866,
    "harm_avoidance": 0.05904846313266429,
    "recovery_capture": 0.4949328291813023,
    "oracle_gap": 0.05417471051461242,
    "oracle_gap_closed": 0.2078653992455037,
    "safe_gain": 0.0344645124577953,
    "taxonomy": "Selective escalation",
    "dataset": "fiqa",
    "hybrid_activation_rate": 0.35384615384615387,
    "p_value_vs_dense": 0.05639763042045416,
    "p_value_vs_hybrid": 0.6086863362511666,
    "seed": 123,
    "split_hash": "d7658f66"
}