{
    "dense_search": {
        "mean": 0.4545495376134148,
        "p50": 0.45059999683871865,
        "p90": 0.540060002822429,
        "p95": 0.5719200358726084,
        "p99": 0.6189760426059365,
        "max": 0.6720999954268336
    },
    "bm25_search": {
        "mean": 174.32124000006857,
        "p50": 169.27439998835325,
        "p90": 266.0258000134491,
        "p95": 293.0145399994217,
        "p99": 324.4302119547501,
        "max": 365.4839000082575
    },
    "graph_expansion": {
        "mean": 0.01707630787188044,
        "p50": 0.016600009985268116,
        "p90": 0.019459973555058244,
        "p95": 0.02113999798893929,
        "p99": 0.02486001467332243,
        "max": 0.02829998265951872
    },
    "fusion": {
        "mean": 0.03342984656158548,
        "p50": 0.03330002073198557,
        "p90": 0.036999990697950125,
        "p95": 0.040600006468594074,
        "p99": 0.04541601054370402,
        "max": 0.05319999763742089
    },
    "cross_encoder": {
        "mean": 246.1942830767769,
        "p50": 0.0,
        "p90": 749.6808000141756,
        "p95": 817.9925598902629,
        "p99": 1051.0706479963847,
        "max": 1205.2258999901824
    },
    "router_decision": {
        "mean": 1.0426473832474306,
        "p50": 1.0277999681420624,
        "p90": 1.0862600058317184,
        "p95": 1.113960042130202,
        "p99": 1.3279600092209871,
        "max": 1.8878999981097877
    },
    "total": {
        "mean": 427.1750975367971,
        "p50": 217.17890002764761,
        "p90": 985.146299947519,
        "p95": 1089.0172200161032,
        "p99": 1269.9962800042701,
        "max": 1475.121999916155
    },
    "cross_encoder_calls_per_query": 0.35384615384615387,
    "candidates_reranked_per_query": 35.38461538461539
}