{
    "Def_A": {
        "easy_count": 130,
        "hard_count": 195,
        "EasyDeg": 0.003551222571729462,
        "HardGain": 0.026060946224607584,
        "SafeGain": 0.022509723652878122
    },
    "Def_B": {
        "easy_count": 162,
        "hard_count": 163,
        "EasyDeg": 0.004088695672258336,
        "HardGain": 0.03240855385508888,
        "SafeGain": 0.028319858182830546
    },
    "Def_C": {
        "easy_count": 195,
        "hard_count": 130,
        "EasyDeg": 0.0037596505809365244,
        "HardGain": 0.041179672636586596,
        "SafeGain": 0.03742002205565007
    }
}