{
    "P-SAFE vs Dense": {
        "comparison": "B-P-SAFE vs Dense",
        "n_queries": 325,
        "mean_delta": 0.014216078706072766,
        "median_delta": 0.0,
        "std_delta": 0.13363726023636807,
        "baseline_mean": 0.4097030987045317,
        "system_mean": 0.42391917741060453,
        "wins": 36,
        "ties": 266,
        "losses": 23,
        "effect_size": {
            "cohens_d": 0.03826818648937877,
            "cohens_dz": 0.10621432182129208,
            "magnitude": "negligible"
        },
        "paired_ttest": {
            "t_statistic": 1.914805917576511,
            "p_value": 0.05639763042045416,
            "significant": false
        },
        "wilcoxon": {
            "w_statistic": 649.5,
            "p_value": 0.07547182226316757,
            "significant": false,
            "n_nonzero": 59
        },
        "bootstrap_ci": {
            "ci_low": -0.00023321484395970443,
            "ci_high": 0.029508584125180082,
            "ci_level": 0.95,
            "significant": false,
            "n_bootstrap": 5000
        },
        "permutation_test": {
            "p_value": 0.054,
            "significant": false,
            "n_permutations": 2000
        },
        "easy_queries": {
            "n": 130,
            "baseline_mean": 0.8014741415476078,
            "system_mean": 0.7979229189758783,
            "mean_delta": -0.0035512225717294252,
            "degradation": true,
            "improvement": false
        },
        "hard_queries": {
            "n": 195,
            "baseline_mean": 0.14852240347581439,
            "system_mean": 0.17458334970042197,
            "mean_delta": 0.026060946224607563,
            "degradation": false,
            "improvement": true
        }
    },
    "P-SAFE vs Hybrid": {
        "comparison": "B-P-SAFE vs Hybrid",
        "n_queries": 325,
        "mean_delta": -0.004797240650747779,
        "median_delta": 0.0,
        "std_delta": 0.16850539729451058,
        "baseline_mean": 0.42871641806135224,
        "system_mean": 0.42391917741060453,
        "wins": 54,
        "ties": 215,
        "losses": 56,
        "effect_size": {
            "cohens_d": -0.012787421261377838,
            "cohens_dz": -0.02842552625293878,
            "magnitude": "negligible"
        },
        "paired_ttest": {
            "t_statistic": -0.5124484621850927,
            "p_value": 0.6086863362511666,
            "significant": false
        },
        "wilcoxon": {
            "w_statistic": 2953.0,
            "p_value": 0.766661065339791,
            "significant": false,
            "n_nonzero": 110
        },
        "bootstrap_ci": {
            "ci_low": -0.023239204568394286,
            "ci_high": 0.0132511337375673,
            "ci_level": 0.95,
            "significant": false,
            "n_bootstrap": 5000
        },
        "permutation_test": {
            "p_value": 0.6265,
            "significant": false,
            "n_permutations": 2000
        },
        "easy_queries": {
            "n": 130,
            "baseline_mean": 0.7682992912188445,
            "system_mean": 0.7979229189758783,
            "mean_delta": 0.02962362775703376,
            "degradation": false,
            "improvement": true
        },
        "hard_queries": {
            "n": 195,
            "baseline_mean": 0.2023278359563574,
            "system_mean": 0.17458334970042197,
            "mean_delta": -0.02774448625593547,
            "degradation": true,
            "improvement": false
        }
    }
}